id,latitude,longitude,time,magnitude,is_background,gen_0_parent,generation
1,19.431004360661166,-155.22160066693502,2020-01-01 06:22:24.064293000,3.0,True,1,0
2,19.758479640752423,-155.57745241955377,2020-01-03 17:56:21.054910000,2.7,True,2,0
3,19.766376802832568,-155.6633438205369,2020-01-03 20:06:46.201686000,2.8,True,3,0
4,19.937254837191663,-155.52553824291834,2020-01-04 16:54:43.658777000,2.6,True,4,0
5,19.015066095000975,-155.78594592511715,2020-01-10 09:42:13.854014000,2.9,True,5,0
6,19.91384109185004,-155.25787398970527,2020-01-21 15:54:55.841592000,2.6,True,6,0
7,19.47580805126146,-155.41863937696706,2020-01-28 10:36:29.578916000,2.5,True,7,0
8,19.29734971267567,-155.3541007277543,2020-01-31 01:03:51.991809000,2.5,True,8,0
9,19.6159216319962,-155.6041186989361,2020-02-02 00:20:35.478566000,2.5,True,9,0
10,19.676458971305255,-155.38391632489675,2020-02-02 07:23:57.919238000,2.7,True,10,0
11,19.85787859124051,-155.70641366799578,2020-02-05 10:02:30.182589000,3.1,True,11,0
12,19.836853188819266,-155.63443606840457,2020-02-15 16:36:36.148792000,3.0,True,12,0
13,19.86933758859311,-155.49873534029385,2020-03-02 14:30:53.044204000,2.5,True,13,0
14,19.957875034694425,-155.8403105886277,2020-03-05 05:39:34.153962000,2.7,True,14,0
15,19.577618083319198,-155.45484591384192,2020-03-09 06:56:01.337643000,2.5,True,15,0
16,19.830594378051764,-155.48138917681294,2020-03-11 08:54:55.722817000,3.9,True,16,0
17,19.664275399535164,-155.48898879465497,2020-03-16 10:07:58.613853000,2.8,True,17,0
18,19.046583110391957,-155.78598719300226,2020-03-18 02:41:11.971595000,2.5,True,18,0
19,19.357607385107872,-155.24957975540073,2020-03-28 15:59:45.788221000,3.0,True,19,0
20,19.738161663649606,-155.46139241691333,2020-03-30 16:23:54.411047000,3.7,True,20,0
21,19.73750140665357,-155.3139560446312,2020-04-05 07:49:06.913896000,2.5,True,21,0
22,20.09431616483067,-155.695903936887,2020-04-13 03:36:20.129631000,3.1,True,22,0
23,19.37438972669242,-155.65534575689313,2020-04-17 12:40:53.001277000,3.1,True,23,0
24,19.623707558532388,-155.9035915801422,2020-04-18 20:52:38.228462000,3.5,True,24,0
25,19.372933969048887,-155.59991765136263,2020-04-26 12:58:48.437940000,2.8,True,25,0
26,19.653720416146854,-154.99387545082317,2020-04-28 18:32:45.368688000,3.4,True,26,0
27,19.41079847502853,-155.1077074480425,2020-04-28 21:27:21.363614000,2.7,True,27,0
28,20.04761637051568,-155.57781255109498,2020-05-09 09:30:45.793557000,3.3,True,28,0
29,19.096430683337527,-155.6999329890002,2020-05-12 17:48:51.481426000,3.0,True,29,0
30,19.643952579844253,-155.59931840840565,2020-05-24 03:12:32.681043000,4.5,True,30,0
31,20.093842986680247,-155.79265566277533,2020-06-06 03:48:56.890473000,3.4,True,31,0
32,19.336625537729965,-155.4600257299425,2020-06-08 11:55:17.347693000,2.6,True,32,0
33,20.02364744201591,-155.54396551103346,2020-06-17 16:44:15.870729000,3.5,True,33,0
34,20.08190456760947,-155.72863502414305,2020-06-24 19:03:08.663723000,2.9,True,34,0
35,19.72009596957204,-155.99066685749602,2020-06-25 14:07:54.879314000,3.1,True,35,0
36,19.8273001980209,-155.36844642032452,2020-06-30 10:12:52.658434000,3.3,True,36,0
37,19.830254065393635,-155.1676877602807,2020-07-02 17:22:20.659115000,2.8,True,37,0
38,19.972724958922594,-155.77912597448113,2020-07-09 18:35:10.405429000,2.8,True,38,0
39,19.636224418752857,-155.87842676785039,2020-07-13 05:32:17.777818000,2.5,True,39,0
40,19.022346206965146,-155.6233699902263,2020-07-13 12:08:08.859244000,3.9,True,40,0
41,19.28826990221706,-155.777017444042,2020-07-19 19:24:24.935769000,2.5,True,41,0
42,20.150566125691903,-155.63948888061637,2020-07-29 21:33:21.744674000,2.8,True,42,0
43,19.758025292121182,-155.55718982797396,2020-08-10 05:02:13.158032000,2.5,True,43,0
44,19.423703559936946,-155.33091536970883,2020-08-12 06:39:03.384545000,2.9,True,44,0
45,19.871175420590898,-155.17163678391125,2020-08-21 02:16:27.043166000,2.5,True,45,0
46,18.978510127200504,-155.65353656952348,2020-08-21 07:30:54.408154000,2.5,True,46,0
47,19.477898790533782,-154.9599248427932,2020-08-28 12:22:34.737384000,2.9,True,47,0
48,19.394513700335146,-155.84911100145678,2020-08-30 01:05:15.963665000,3.2,True,48,0
49,19.51998520120554,-155.18050429504146,2020-09-23 19:56:42.555651000,2.5,True,49,0
50,19.417031691580434,-155.56432191828247,2020-09-25 12:57:41.495395000,2.5,True,50,0
51,19.730145678796923,-155.7568386416049,2020-10-02 08:17:25.538070000,2.6,True,51,0
52,20.19862810568797,-155.87216694554976,2020-10-02 18:04:22.279049000,2.7,True,52,0
53,20.2355518696834,-155.83361293878357,2020-10-15 20:10:04.660423000,2.5,True,53,0
54,19.499023337378173,-155.87623515657998,2020-10-18 17:53:42.410888000,2.8,True,54,0
55,19.625944264008897,-155.77462956068703,2020-10-22 09:24:36.906195000,3.0,True,55,0
56,19.111561745514692,-155.5500160158513,2020-10-23 23:09:39.798632000,5.9,True,56,0
57,19.179142420664395,-155.7020607858479,2020-10-26 13:40:36.937844000,3.1,True,57,0
58,19.657658419112952,-155.24889745520662,2020-10-28 00:36:26.545261000,2.9,True,58,0
59,19.30519347639083,-155.4601051738135,2020-10-29 22:45:50.555186000,2.5,True,59,0
60,19.92088720239496,-155.46676981561197,2020-11-04 13:01:09.471772000,2.5,True,60,0
61,19.88961034586452,-155.33253785937646,2020-11-09 03:01:24.342444000,2.6,True,61,0
62,19.874899137138485,-155.631949426396,2020-11-10 03:14:19.598378000,3.0,True,62,0
63,18.985125840307443,-155.6960143510028,2020-11-10 13:29:38.460570000,2.5,True,63,0
64,19.984854495303722,-155.23118250368526,2020-11-18 01:56:32.630588000,3.4,True,64,0
65,20.07995708466232,-155.42046536709498,2020-11-24 19:06:14.627437000,2.9,True,65,0
66,19.752151270729176,-155.5716353933018,2020-11-26 10:46:23.826406000,2.6,True,66,0
67,19.70006248320358,-155.38530781732123,2020-12-02 19:36:16.581425000,2.8,True,67,0
68,19.515075075744548,-155.32882205457992,2020-12-08 15:56:15.971044000,3.0,True,68,0
69,19.260664996171425,-155.76443148594896,2020-12-13 15:26:21.851064000,2.6,True,69,0
70,19.494149405378266,-155.78213230821416,2020-12-22 00:13:40.677428000,2.7,True,70,0
71,19.729342696563812,-155.73335253860589,2020-12-29 09:13:28.165182000,2.8,True,71,0
72,19.377201691728985,-155.14211661925984,2020-12-31 01:46:22.965982000,2.6,True,72,0
73,19.581915508594808,-155.10584756253192,2021-01-08 07:33:28.162527000,2.6,True,73,0
74,19.430120122182675,-155.78503410200116,2021-01-10 16:51:54.604020000,3.3,True,74,0
75,19.856705862872616,-155.79521484885154,2021-01-10 23:42:52.838123000,3.1,True,75,0
76,19.76240891575703,-155.68434601946177,2021-01-17 17:16:50.144488000,2.8,True,76,0
77,19.88108897896453,-155.6912290710139,2021-01-20 12:14:22.898617000,2.7,True,77,0
78,19.70310433627335,-155.2781756260171,2021-01-21 14:31:18.961314000,2.7,True,78,0
79,20.078455185951523,-155.6951724555116,2021-01-22 09:55:28.413959000,2.5,True,79,0
80,19.76034241812644,-155.7686066158512,2021-01-26 01:05:01.954932000,3.5,True,80,0
81,19.539855282373722,-155.14308087128467,2021-02-06 22:21:30.012419000,2.7,True,81,0
82,19.7146553363812,-155.793567125262,2021-02-09 07:51:30.595754000,2.5,True,82,0
83,20.154850544350282,-155.80203250535513,2021-02-16 01:36:53.769828000,2.8,True,83,0
84,19.7756736625141,-155.4900492206671,2021-03-13 22:11:49.959525000,2.7,True,84,0
85,19.329252912254525,-155.6814894350175,2021-03-14 17:44:17.147867000,2.9,True,85,0
86,20.061426375453912,-155.5000770904844,2021-03-28 18:13:11.944075000,2.5,True,86,0
87,19.742680639992216,-155.59833775697481,2021-03-28 21:10:47.234854000,2.6,True,87,0
88,20.21307832816575,-155.82243646825302,2021-04-01 01:07:14.427852000,2.6,True,88,0
89,19.602801574135487,-155.145732421017,2021-04-07 02:13:03.195633000,2.8,True,89,0
90,19.942922776240984,-155.43150255660544,2021-04-20 03:37:28.209105000,2.9,True,90,0
91,19.24987567273976,-155.43711041066862,2021-04-22 20:44:44.381591000,3.2,True,91,0
92,19.581923462134398,-155.13040222356267,2021-04-24 13:38:51.560074000,2.5,True,92,0
93,20.010099113855777,-155.42689138595128,2021-04-26 11:39:06.288278000,3.2,True,93,0
94,19.793286775426093,-155.98236400365005,2021-05-02 07:33:22.395204000,2.6,True,94,0
95,19.151933782471005,-155.472403807661,2021-05-07 22:30:44.428380000,3.1,True,95,0
96,19.487384631355273,-154.9772479064443,2021-05-10 22:33:28.341384000,2.5,True,96,0
97,19.753479544581566,-155.7474122079381,2021-05-23 10:46:21.811381000,4.4,True,97,0
98,19.826783859808092,-155.34134949685466,2021-05-25 22:11:57.324684000,3.1,True,98,0
99,19.658474897605693,-155.4935870518518,2021-07-23 04:07:10.919496000,2.8,True,99,0
100,19.390050882789446,-155.6857901760441,2021-07-29 13:32:53.893044000,2.6,True,100,0
101,19.641429298015286,-155.9127445286427,2021-08-05 14:50:19.088145000,2.7,True,101,0
102,19.378206857175535,-155.84677307338205,2021-08-06 12:46:24.964311000,2.7,True,102,0
103,19.611540914478674,-155.9529374463504,2021-08-13 12:33:07.984138000,3.3,True,103,0
104,19.69717771597755,-155.51551374728177,2021-08-14 08:32:54.389102000,2.5,True,104,0
105,19.721645655504584,-155.26455619357952,2021-08-15 04:34:54.911092000,2.8,True,105,0
106,19.051152079342508,-155.75067501544441,2021-08-17 00:47:18.935081000,2.8,True,106,0
107,20.108907539793663,-155.78580804175428,2021-08-27 22:36:20.970582000,2.5,True,107,0
108,19.869986889936133,-155.48131037228984,2021-09-03 05:56:50.809175000,3.2,True,108,0
109,19.729388797166397,-155.64091044983815,2021-09-15 05:37:36.672225000,4.4,True,109,0
110,19.55253008685165,-155.04326430495985,2021-09-21 21:07:53.208707000,3.1,True,110,0
111,19.663892813846168,-155.18971947988123,2021-10-06 00:31:51.510182000,2.5,True,111,0
112,20.00441277791516,-155.31225527879192,2021-10-07 13:38:38.115175000,2.6,True,112,0
113,19.526789815263513,-155.11809861649192,2021-10-08 14:53:29.194235000,2.7,True,113,0
114,19.37944408013877,-155.54065906040213,2021-10-10 07:14:19.234655000,3.3,True,114,0
115,19.10007370203777,-155.78378116132023,2021-10-11 12:31:50.975619000,3.8,True,115,0
116,20.180674467686963,-155.71914038572672,2021-10-19 20:15:26.944635000,3.4,True,116,0
117,19.301151135139126,-155.18492224271742,2021-10-25 06:06:24.033732000,2.6,True,117,0
118,19.890625033267025,-155.85071476102863,2021-10-26 13:09:01.680590000,2.5,True,118,0
119,19.83062336060789,-155.595888036367,2021-10-31 00:16:25.192447000,2.8,True,119,0
120,19.640555008337067,-155.03780516240315,2021-11-05 06:48:35.257206000,2.8,True,120,0
121,19.51361778158719,-154.87679468412813,2021-11-13 11:27:50.802219000,2.6,True,121,0
122,19.027502093979315,-155.79825709556232,2021-11-14 01:47:28.509603000,2.6,True,122,0
123,19.314615185569327,-155.82957083955836,2021-11-19 00:02:41.282433000,2.5,True,123,0
124,19.475925180077056,-155.00757948195397,2021-11-24 01:14:15.752328000,4.4,True,124,0
125,19.6657268849618,-155.7192895354083,2021-11-25 07:46:31.291344000,3.2,True,125,0
126,19.659002399621897,-155.0613311208146,2021-12-08 15:13:56.939991000,2.5,True,126,0
127,20.018264886883898,-155.51238578747808,2021-12-18 11:59:24.570164000,2.8,True,127,0
128,19.83331528842006,-155.10719167679932,2021-12-18 20:16:28.776562000,2.9,True,128,0
129,19.241107038636628,-155.475423641168,2021-12-30 20:29:47.581287000,2.7,True,129,0
130,19.446641229807014,-155.87245163227058,2022-01-06 15:05:22.157645000,2.8,True,130,0
131,19.39560323357868,-155.47263644304576,2022-01-10 02:45:04.327077000,2.5,True,131,0
132,19.568134379063444,-155.7984466471373,2022-01-23 20:34:08.478444000,2.7,True,132,0
133,19.49220824420877,-154.93240881702974,2022-01-25 00:23:41.676605000,2.5,True,133,0
134,19.289848470994272,-155.62026808486158,2022-01-25 22:58:43.135200000,3.1,True,134,0
135,19.829503052653155,-155.86892002613803,2022-01-29 18:13:35.705049000,2.5,True,135,0
136,20.106945482694076,-155.74312537603154,2022-02-03 15:39:16.369110000,2.5,True,136,0
137,19.88973789007236,-155.40586475262387,2022-02-07 00:06:46.688283000,3.1,True,137,0
138,20.066828935675137,-155.5446595045526,2022-02-07 19:35:17.181345000,2.7,True,138,0
139,19.633561902475854,-155.20467014245068,2022-02-08 02:13:49.059434000,2.9,True,139,0
140,19.818991961401995,-155.68736047536066,2022-02-12 16:13:04.423137000,2.6,True,140,0
141,20.176220480518605,-155.79079925182202,2022-02-16 07:45:40.573426000,2.5,True,141,0
142,19.20529445667676,-155.58802842488197,2022-02-16 20:43:59.587505000,2.9,True,142,0
143,19.376428658547532,-155.6723939049954,2022-02-19 18:30:14.000768000,3.0,True,143,0
144,19.572344305833106,-155.57331902781212,2022-02-20 23:28:54.035852000,2.5,True,144,0
145,19.131297340222893,-155.54107594950963,2022-03-01 14:35:37.361959000,4.1,True,145,0
146,19.79919851199452,-155.20732650745433,2022-03-08 05:30:08.942252000,3.9,True,146,0
147,19.733749738488225,-155.33040694571358,2022-03-10 22:06:27.826039000,2.5,True,147,0
148,19.770467111589326,-155.2939035880274,2022-03-19 16:49:33.631416000,2.6,True,148,0
149,19.298285673663788,-155.22016904095932,2022-04-11 17:50:22.004695000,2.5,True,149,0
150,19.711622676413885,-155.24271347462712,2022-04-24 09:31:41.327848000,3.6,True,150,0
151,19.47454046138188,-155.67866788258857,2022-05-01 14:39:20.301375000,2.7,True,151,0
152,19.231468188416567,-155.8666586954253,2022-05-08 17:59:43.660056000,3.4,True,152,0
153,19.372748060822676,-155.04671899052775,2022-05-17 05:55:50.352394000,2.5,True,153,0
154,19.386395322312023,-155.53362687114085,2022-05-29 05:12:24.436784000,3.0,True,154,0
155,19.439940885841256,-155.8412145816196,2022-05-29 20:19:06.688704000,3.1,True,155,0
156,19.64015594210584,-155.04925298292517,2022-06-02 12:02:24.964400000,3.6,True,156,0
157,19.66657669965727,-155.59857186080453,2022-06-06 18:54:08.980204000,2.5,True,157,0
158,19.45516040585578,-155.56362524847904,2022-06-17 18:01:45.880238000,2.6,True,158,0
159,19.528298958823907,-155.28915995887712,2022-06-19 19:42:13.272270000,2.6,True,159,0
160,19.66224569109287,-155.42771479411581,2022-06-20 22:32:20.073091000,2.7,True,160,0
161,19.519103539942034,-155.65124281573526,2022-06-25 22:41:00.840645000,2.8,True,161,0
162,18.936664789052926,-155.6518897525994,2022-07-15 15:00:34.402981000,3.1,True,162,0
163,19.22545687344253,-155.56832400346607,2022-07-19 18:05:41.069562000,2.7,True,163,0
164,19.615629307281793,-155.32454065781673,2022-07-20 03:57:25.867043000,2.5,True,164,0
165,19.57303645616441,-155.8339878718107,2022-07-31 05:31:59.406282000,2.7,True,165,0
166,19.924381050786778,-155.18053323603598,2022-08-03 13:22:44.588255000,2.5,True,166,0
167,19.758287289424626,-155.39064537395075,2022-08-04 02:07:13.429922000,2.8,True,167,0
168,19.617759590345198,-155.86513981775767,2022-08-06 00:17:24.774842000,3.3,True,168,0
169,19.874400398759057,-155.65345378702725,2022-08-09 14:03:38.255418000,2.5,True,169,0
170,19.50543227869235,-155.84032391717722,2022-08-13 00:02:09.820259000,2.7,True,170,0
171,19.931089314620667,-155.74077871656505,2022-08-28 12:02:24.659992000,2.6,True,171,0
172,19.834629597816832,-155.81037011605673,2022-08-28 22:30:34.961202000,3.3,True,172,0
173,20.00205399048378,-155.43442019100203,2022-09-07 15:50:31.535671000,2.5,True,173,0
174,19.840084932496403,-155.1147333096202,2022-09-16 15:05:30.461432000,2.6,True,174,0
175,19.957325374776403,-155.44725242687068,2022-09-19 21:03:56.519285000,2.6,True,175,0
176,19.579015894297935,-155.38808085409676,2022-09-26 20:02:06.364122000,3.0,True,176,0
177,19.826678939561514,-155.3111718855042,2022-09-30 07:52:55.613362000,3.0,True,177,0
178,19.222014497760913,-155.67087806692393,2022-10-08 04:15:56.596620000,2.5,True,178,0
179,20.01789280337047,-155.61557847943314,2022-11-08 05:31:57.123692000,2.5,True,179,0
180,19.252438954866914,-155.39444850903996,2022-11-12 13:06:28.810316000,2.9,True,180,0
181,19.603504670119843,-155.0452155571765,2022-11-22 03:35:16.204371000,2.7,True,181,0
182,19.261996252252768,-155.42609484124878,2022-11-22 22:45:20.194058000,3.1,True,182,0
183,19.613504057465452,-155.50323810452852,2022-11-24 01:19:09.003565000,2.5,True,183,0
184,19.164447771508986,-155.7732818893073,2022-11-28 07:32:09.108602000,2.8,True,184,0
185,19.257995486458892,-155.3355479194681,2022-11-29 00:11:04.195960000,2.5,True,185,0
186,19.970609185009263,-155.53986189335302,2022-11-29 19:24:37.699730000,2.5,True,186,0
187,19.57189480390613,-155.45438348528228,2022-12-03 17:51:24.678807000,3.2,True,187,0
188,19.53929501818201,-155.4952498008553,2022-12-23 11:56:43.744834000,3.1,True,188,0
189,19.273962173585304,-155.44333668611807,2022-12-25 04:27:48.138012000,3.0,True,189,0
190,19.49000283921411,-155.9380402800361,2022-12-25 14:22:20.708600000,2.8,True,190,0
191,19.734486182010723,-155.2605992318253,2022-12-27 21:49:53.394119000,3.0,True,191,0
192,19.655329036811363,-155.8030566582621,2022-12-30 18:21:32.365736000,3.9,True,192,0
193,19.79705029172699,-155.88365496507515,2023-01-01 22:16:34.985429000,2.8,True,193,0
194,19.175725919520684,-155.58602608351228,2023-01-16 17:10:38.560724000,3.1,True,194,0
195,19.922758575347014,-155.5016913698049,2023-01-30 20:36:18.921970000,2.5,True,195,0
196,19.929274523388333,-155.2851345138371,2023-02-01 23:58:01.698433000,2.7,True,196,0
197,19.34572149540641,-155.1814156176467,2023-02-03 07:12:35.119621000,2.9,True,197,0
198,19.658388601135602,-155.45730335012107,2023-02-05 12:24:56.057997000,2.7,True,198,0
199,20.01655221164945,-155.58975566146034,2023-02-15 07:57:45.584723000,3.6,True,199,0
200,19.605207951179974,-155.72167666668219,2023-02-20 04:56:07.141231000,2.7,True,200,0
201,19.184204795616463,-155.7980303808293,2023-02-27 21:02:54.126848000,2.5,True,201,0
202,19.721548816102125,-155.0172240189909,2023-02-28 08:33:39.223258000,2.7,True,202,0
203,19.819612350702425,-155.81091532777126,2023-02-28 18:30:46.731087000,2.6,True,203,0
204,19.85842226554776,-155.7797715824147,2023-03-08 00:36:07.550165000,2.8,True,204,0
205,19.728652887143877,-155.77464517783707,2023-03-10 09:05:19.326971000,2.6,True,205,0
206,19.153465321826147,-155.69754005226488,2023-03-13 06:14:45.268716000,3.3,True,206,0
207,19.819687846889728,-155.38713950755306,2023-03-26 04:05:43.896855000,2.8,True,207,0
208,19.59250887365508,-155.08801260152683,2023-04-21 07:39:36.649738000,2.8,True,208,0
209,19.991699898231502,-155.78747157962337,2023-04-22 05:27:48.297466000,3.0,True,209,0
210,19.490297427351834,-155.15764865713965,2023-04-23 22:41:23.954762000,3.0,True,210,0
211,19.341820597988814,-155.61699586020575,2023-04-27 17:58:00.360404000,4.1,True,211,0
212,19.96405194419289,-155.74612015223994,2023-04-28 03:56:21.239680000,2.9,True,212,0
213,19.291971120031253,-155.19330985600436,2023-05-23 19:33:29.400197000,2.5,True,213,0
214,19.26072468717048,-155.32923534218764,2023-05-29 04:39:51.688176000,2.8,True,214,0
215,19.440251672384125,-155.78329693135652,2023-05-31 05:46:18.179425000,3.1,True,215,0
216,19.6209507492429,-155.3988749275703,2023-06-03 08:03:03.631537000,3.5,True,216,0
217,19.678874447188676,-155.89876020986006,2023-06-05 21:56:16.343757000,2.8,True,217,0
218,19.85828174936696,-155.54726132589056,2023-06-07 02:44:23.211412000,2.8,True,218,0
219,20.167664120371676,-155.7799092171422,2023-06-07 21:59:09.786613000,2.7,True,219,0
220,19.195702681111165,-155.68229143676584,2023-06-07 23:58:14.899022000,2.5,True,220,0
221,19.50957491645428,-154.82315642604428,2023-06-08 11:25:45.594777000,2.6,True,221,0
222,19.94115671532413,-155.52918416038813,2023-06-09 18:28:02.249979000,3.0,True,222,0
223,19.177869465732364,-155.8588643968979,2023-06-18 23:37:32.479903000,2.8,True,223,0
224,19.62190985080059,-155.20575293207696,2023-06-22 12:23:45.908506000,3.3,True,224,0
225,19.395235173388276,-155.65207228342769,2023-06-27 08:56:19.959284000,2.5,True,225,0
226,19.7657323787915,-155.59174729133963,2023-07-11 02:41:59.480573000,3.8,True,226,0
227,20.234833830060225,-155.84995438580913,2023-07-14 14:57:52.330490000,3.1,True,227,0
228,19.937675189816925,-155.72021820373718,2023-07-16 08:05:16.245213000,2.6,True,228,0
229,19.138536811584622,-155.8955947601822,2023-07-16 20:23:39.354831000,2.9,True,229,0
230,19.543665018151888,-155.7493663717923,2023-07-22 21:46:31.996761000,2.6,True,230,0
231,19.483140795940578,-155.6134841943816,2023-07-26 16:53:21.182430000,2.6,True,231,0
232,20.11650178613342,-155.83388842210312,2023-08-10 01:40:12.374341000,2.7,True,232,0
233,19.62295592230302,-155.3946395553269,2023-08-10 04:04:07.368484000,2.9,True,233,0
234,19.89743511517193,-155.71214163757583,2023-08-11 07:25:36.656298000,2.5,True,234,0
235,19.7685740169607,-155.20790303309434,2023-08-13 11:37:49.445942000,4.4,True,235,0
236,19.265578514399404,-155.57720716397543,2023-08-22 05:58:16.130371000,2.7,True,236,0
237,19.323759154511354,-155.25296278617967,2023-09-04 23:21:17.960635000,3.9,True,237,0
238,20.128352905367652,-155.77408871830247,2023-09-10 09:16:19.722919000,2.6,True,238,0
239,19.746893315582867,-155.76801902752416,2023-09-10 20:12:23.693471000,3.2,True,239,0
240,19.03532768610553,-155.5705649918763,2023-09-18 23:22:00.487440000,2.5,True,240,0
241,19.848717114680756,-155.82147370477662,2023-09-29 11:03:47.687134000,3.5,True,241,0
242,19.500984855884585,-155.76936926808457,2023-09-29 15:41:48.099091000,3.3,True,242,0
243,19.689558688145805,-155.58721169518446,2023-10-06 09:01:18.429276000,2.5,True,243,0
244,19.373273990757507,-155.1826102151352,2023-10-10 12:46:24.466061000,3.9,True,244,0
245,19.686702341507356,-155.75254071572982,2023-11-01 11:52:34.805576000,2.5,True,245,0
246,20.164977201207872,-155.68658961935407,2023-11-09 07:19:45.546415000,2.8,True,246,0
247,19.53136728294865,-155.02183860408329,2023-11-23 14:57:36.852804000,3.1,True,247,0
248,19.698507956728566,-155.23236602499955,2023-11-24 23:54:10.041388000,2.5,True,248,0
249,19.424295214371448,-155.78344503159687,2023-11-25 21:46:45.561949000,2.6,True,249,0
250,20.172181389860967,-155.75495301528366,2023-11-26 03:10:10.426653000,2.6,True,250,0
251,19.511286767062316,-155.71192828129102,2023-12-19 22:15:46.841279000,2.8,True,251,0
252,19.878666823348127,-155.515770136327,2023-12-22 21:02:42.114155000,2.5,True,252,0
253,19.537289338865197,-155.78728597847407,2023-12-25 10:17:26.983885000,2.5,True,253,0
254,19.646311176769785,-155.941333878063,2024-01-03 09:49:46.410580000,2.6,True,254,0
255,19.66364159681082,-155.19269378122073,2024-01-07 20:33:14.914524000,2.5,True,255,0
256,20.134936420758766,-155.64321874557672,2024-01-08 23:36:11.984169000,2.6,True,256,0
257,19.660578401255844,-155.0280858986066,2024-01-09 06:56:29.262916000,2.8,True,257,0
258,19.901837080150134,-155.23422634308275,2024-01-12 22:13:34.619719000,2.6,True,258,0
259,19.31893741744301,-155.46161652637892,2024-01-19 15:49:01.797517000,3.0,True,259,0
260,20.155504146216387,-155.64813483671895,2024-01-21 18:53:27.265317000,2.5,True,260,0
261,19.168824798673256,-155.75840550991936,2024-02-08 09:30:56.679845000,2.6,True,261,0
262,19.208608476674115,-155.7083553524319,2024-02-09 06:35:56.043768000,2.6,True,262,0
263,19.52063025253335,-155.27830459835562,2024-02-11 04:46:35.453626000,3.1,True,263,0
264,19.835161332826857,-155.66242082493443,2024-02-12 02:19:02.385594000,3.1,True,264,0
265,19.373833398498935,-155.33402132501502,2024-02-13 08:47:45.805838000,4.0,True,265,0
266,19.872997740744882,-155.2787266528576,2024-02-14 00:12:52.644019000,2.5,True,266,0
267,19.630327094690706,-155.51965183474533,2024-02-19 20:17:45.881174000,2.8,True,267,0
268,19.748586916165184,-155.14355147453642,2024-02-24 08:52:37.953369000,2.9,True,268,0
269,19.91183820032002,-155.3759729941011,2024-02-28 13:11:51.345688000,3.0,True,269,0
270,20.099295059031782,-155.70350421972208,2024-03-07 11:45:38.381625000,3.7,True,270,0
271,19.081539695465278,-155.5937342813792,2024-03-10 10:59:30.709993000,2.7,True,271,0
272,19.082532676443453,-155.61818800811866,2024-03-11 18:44:54.535233000,2.5,True,272,0
273,20.08831416103421,-155.64347500800636,2024-03-17 01:31:31.543869000,2.5,True,273,0
274,19.484730486826884,-155.9187562191797,2024-03-23 09:21:00.885757000,2.7,True,274,0
275,19.24654986924675,-155.47956174463474,2024-03-24 11:09:39.048694000,2.6,True,275,0
276,19.910979555749627,-155.61612030086457,2024-04-08 18:04:54.041393000,2.6,True,276,0
277,19.9025526832905,-155.5928805007062,2024-05-05 09:42:57.723385000,2.8,True,277,0
278,19.760384724186373,-155.29059177441383,2024-05-09 09:58:42.027134000,2.8,True,278,0
279,19.463374396723495,-155.40658830200985,2024-05-25 18:59:56.859056000,2.5,True,279,0
280,19.889141317481748,-155.3422389174336,2024-05-26 22:17:27.537305000,2.5,True,280,0
281,19.448956497810194,-155.31033014551932,2024-05-27 12:26:06.478655000,2.7,True,281,0
282,19.81462085912843,-155.91537769726207,2024-05-31 14:18:50.016348000,2.8,True,282,0
283,19.929816362534005,-155.45338767624935,2024-06-07 21:58:16.685890000,4.1,True,283,0
284,20.083293264063617,-155.44431362593235,2024-07-12 02:10:41.972138000,2.6,True,284,0
285,19.729809776351065,-155.13989714018766,2024-07-21 15:23:11.288159000,2.6,True,285,0
286,20.000358710949886,-155.2756320637568,2024-07-23 08:42:14.408352000,4.0,True,286,0
287,19.963912945934165,-155.56882454399215,2024-07-24 02:10:44.502893000,3.1,True,287,0
288,19.880679653133885,-155.28807431923403,2024-07-27 04:10:29.707306000,2.6,True,288,0
289,19.494215275945365,-155.18447272341322,2024-07-28 10:10:21.010276000,2.7,True,289,0
290,19.086509810393355,-155.69627038402936,2024-08-06 10:10:40.933288000,2.5,True,290,0
291,19.016921021393493,-155.83266499638825,2024-08-07 06:59:22.275364000,2.6,True,291,0
292,19.83506048074311,-155.38287519696684,2024-08-14 08:07:34.050695000,2.6,True,292,0
293,19.750204426710784,-155.37591828655104,2024-08-19 09:02:52.473987000,2.8,True,293,0
294,19.89572170347862,-155.1996094738115,2024-08-22 15:34:28.518065000,3.0,True,294,0
295,19.26744621385781,-155.37922381008062,2024-08-24 06:53:28.918905000,2.7,True,295,0
296,19.09100904078469,-155.81337215564537,2024-08-30 02:30:23.386436000,3.8,True,296,0
297,19.36193080805431,-155.0514356207301,2024-09-06 12:32:52.650137000,2.9,True,297,0
298,19.784859424628802,-155.34376470631258,2024-09-26 11:05:16.459498000,2.5,True,298,0
299,19.80825443486557,-155.7414283587137,2024-09-29 06:47:01.597151000,2.6,True,299,0
300,19.749879428307697,-155.74370409027898,2024-10-02 09:36:35.815622000,2.5,True,300,0
301,19.46402731494792,-155.43775239671228,2024-10-04 17:30:15.886612000,3.1,True,301,0
302,19.82064090298773,-155.3644011679248,2024-10-07 19:38:50.302684000,3.0,True,302,0
303,20.083504494547704,-155.6228164791397,2024-10-12 14:07:17.173574000,2.8,True,303,0
304,19.071001082015783,-155.75194138838566,2024-10-13 09:58:11.775145000,2.9,True,304,0
305,19.19851139639152,-155.60166459926143,2024-10-23 09:27:38.160997000,3.0,True,305,0
306,19.589322332326066,-155.05090946465657,2024-10-23 10:44:40.227073000,3.3,True,306,0
307,19.391073013566874,-155.62036472885634,2024-11-09 11:32:21.464082000,2.7,True,307,0
308,19.102759503249374,-155.63056010313005,2024-11-19 22:55:33.298616000,3.0,True,308,0
309,19.309815188611324,-155.35675974386447,2024-11-23 09:09:30.822366000,2.5,True,309,0
310,19.804771424371467,-155.56644054063202,2024-11-28 20:27:19.624520000,2.8,True,310,0
311,19.29449247290161,-155.1269016169143,2024-11-30 19:42:54.604357000,3.0,True,311,0
312,19.895365533948716,-155.6588501468883,2024-12-19 22:20:22.237105000,2.9,True,312,0
313,19.48561529941824,-155.70386615040698,2024-12-30 06:33:44.530537000,2.5,True,313,0
314,19.534302415215368,-155.45481689241007,2024-12-30 21:40:01.401528000,2.5,True,314,0
315,19.424368545183423,-155.2269441294159,2020-01-01 10:12:18.307792385,2.5,False,1,1
316,19.758549593278154,-155.25946327948355,2020-01-01 11:58:22.500200631,2.6,False,1,1
317,19.76524602444588,-155.66707404572702,2020-01-07 18:38:06.771136310,2.7,False,3,1
318,19.61869315043991,-155.60332788356848,2020-02-02 02:54:45.080947360,2.5,False,9,1
319,19.677950079574213,-155.38981130037783,2020-02-07 12:42:13.654593865,2.8,False,10,1
320,19.53578369362425,-155.45803298896072,2020-05-01 09:01:16.274012945,2.5,False,15,1
321,19.57989931256714,-155.45502646534538,2020-03-09 07:51:13.845101154,3.0,False,15,1
322,19.629665121554137,-155.71158557646135,2020-03-11 08:55:48.428342668,3.6,False,16,1
323,19.81583504437872,-155.47800139810698,2020-03-11 22:34:47.198363284,3.2,False,16,1
324,19.227750679868347,-155.54676187648775,2020-03-11 08:55:42.792653007,2.6,False,16,1
325,19.823358429136128,-155.47555343222425,2020-03-11 09:23:15.768072998,2.9,False,16,1
326,19.836300410562608,-155.4859354079706,2020-07-20 16:18:19.738634968,2.5,False,16,1
327,19.842855037915932,-155.47834947554696,2020-03-12 01:57:07.854025127,2.8,False,16,1
328,19.05115709659729,-155.78057303836272,2020-03-18 02:50:06.588747024,2.8,False,18,1
329,19.054220653661716,-155.79289931855246,2020-03-18 02:56:31.754344355,4.4,False,18,1
330,19.3508178077074,-155.23346167411876,2020-03-28 16:09:32.365915574,2.8,False,19,1
331,19.73764113193178,-155.47559838692777,2020-03-30 16:37:20.012737884,2.6,False,20,1
332,19.372612278071507,-155.6566870199045,2020-04-19 21:08:17.817690445,2.5,False,23,1
333,19.598386323014996,-155.9268082503579,2020-04-19 16:56:28.169619731,2.8,False,24,1
334,19.651915887511382,-155.01236766743347,2020-04-30 11:57:04.516520274,2.8,False,26,1
335,19.39312088741547,-155.33932947053736,2020-06-01 13:00:23.089442753,4.6,False,27,1
336,20.135662560545853,-155.7848811640103,2020-05-23 16:31:03.036671918,3.8,False,28,1
337,19.106521426794128,-155.662413429378,2020-05-12 17:49:20.462436934,2.9,False,29,1
338,19.664112406437486,-155.58480405639233,2020-05-29 14:41:49.606665907,2.9,False,30,1
339,19.643586139328633,-155.62809029299697,2020-05-24 03:16:35.570900115,3.8,False,30,1
340,19.635629339272217,-155.64811602365887,2020-05-30 04:06:46.940557233,3.8,False,30,1
341,19.642944351802573,-155.5986807331296,2020-05-24 10:49:03.529798498,2.6,False,30,1
342,20.124022697205376,-155.8289113031973,2020-06-06 04:02:02.616445220,2.6,False,31,1
343,20.10907085256089,-155.77664390810142,2020-06-06 03:50:25.763682236,2.9,False,31,1
344,19.332553672111892,-155.45117385419402,2020-06-08 14:43:21.555027886,3.0,False,32,1
345,20.077278564850626,-155.7386566932362,2020-06-25 00:09:09.435051733,2.6,False,34,1
346,19.720040947078548,-155.97343983913152,2020-06-25 14:12:52.112592358,3.1,False,35,1
347,19.79171517414285,-155.40899326299808,2020-06-30 13:25:53.940211948,2.7,False,36,1
348,19.84147594152516,-155.16086203061926,2020-12-07 14:59:12.084730473,2.6,False,37,1
349,19.632830191042284,-155.87868885278985,2020-07-13 05:36:42.444906096,3.0,False,39,1
351,19.017116989320193,-155.62409648971226,2020-07-13 12:17:50.291163834,2.9,False,40,1
352,19.191329846404937,-155.61437966386345,2020-07-13 14:22:22.729302867,3.0,False,40,1
353,20.149140433075825,-155.63865702967473,2020-07-29 22:00:41.167751047,3.1,False,42,1
354,19.7281545134739,-155.7557500606642,2020-10-02 08:25:40.073796501,2.6,False,51,1
355,20.19661849479105,-155.8742493827726,2020-10-02 18:09:27.362835953,2.5,False,52,1
356,19.62835167945687,-155.78061284996824,2021-03-31 23:02:34.833771037,3.0,False,55,1
357,19.12375339269975,-155.59389380799044,2020-10-23 23:11:10.860269644,3.9,False,56,1
360,19.10335064323628,-155.553143656295,2020-10-23 23:09:59.099702052,3.8,False,56,1
361,19.112837538936372,-155.55928073389342,2020-10-23 23:14:49.198164107,2.5,False,56,1
362,19.136155788288917,-155.84742011661368,2020-10-24 03:10:26.164471893,3.2,False,56,1
365,19.088800046877626,-155.58096288426438,2020-11-05 18:02:43.094147382,3.2,False,56,1
366,19.172299719412386,-155.52856641861504,2020-10-24 14:31:28.201947192,2.6,False,56,1
368,19.21891361655091,-155.57306891958206,2020-10-24 04:27:14.152631375,2.8,False,56,1
370,19.132755129233438,-155.62539515793875,2020-10-23 23:13:04.617394039,2.6,False,56,1
372,19.204695031490587,-155.80624655804266,2020-10-23 23:11:45.599769981,2.5,False,56,1
375,19.109092491472424,-155.84370254578985,2020-10-23 23:10:20.603970584,2.5,False,56,1
376,19.05920542513753,-155.57300378618373,2021-02-22 02:00:20.915648687,2.6,False,56,1
377,19.11294608136507,-155.57328769880053,2023-11-14 10:25:36.182246777,3.3,False,56,1
378,19.117507041498126,-155.551768495099,2020-10-25 06:29:15.426837059,2.6,False,56,1
379,19.198229444127765,-155.50593121390398,2020-10-23 23:18:19.668828889,2.6,False,56,1
380,19.138816371538347,-155.50598904940617,2020-10-23 23:12:23.546783210,3.1,False,56,1
383,19.118505095790397,-155.57701535800737,2020-10-25 20:40:52.223073722,2.5,False,56,1
384,19.120094444437232,-155.60115641293194,2020-10-24 00:11:15.813101669,2.5,False,56,1
387,19.16554088531117,-155.46703656981413,2020-10-24 00:20:59.546612104,4.2,False,56,1
388,19.144729328322082,-155.62366095622616,2020-10-23 23:45:56.556730743,2.5,False,56,1
389,19.25461812199438,-155.6392532896641,2020-10-23 23:48:36.136350234,2.5,False,56,1
390,19.079444975651388,-155.6217610211954,2020-11-03 12:25:30.591079931,2.6,False,56,1
391,19.098074313797113,-155.57446345631857,2020-10-23 23:12:31.438370927,4.0,False,56,1
392,19.077370919940034,-155.54792313482605,2020-10-23 23:13:38.026468218,3.0,False,56,1
393,19.106535330997264,-155.58201025297456,2020-10-24 05:13:17.410666792,2.5,False,56,1
394,19.09847146621272,-155.56027988052807,2020-10-23 23:14:53.111295535,2.8,False,56,1
395,19.27764323588308,-155.8641087815474,2020-11-01 09:10:53.381475991,3.1,False,56,1
396,19.201691741075734,-155.4103742540924,2020-10-31 11:36:22.184328247,3.1,False,56,1
397,19.07580251332878,-155.81989208276252,2020-10-23 23:10:26.253920531,2.7,False,56,1
398,19.17387084710547,-155.64283457234902,2020-10-29 03:44:17.768545127,2.5,False,56,1
399,19.400718927344343,-155.22532803701583,2020-10-23 23:40:10.404022089,3.5,False,56,1
401,19.08752491151685,-155.8834834222934,2020-10-24 16:10:52.995088316,2.5,False,56,1
402,19.12038934820178,-155.55940161353018,2020-10-23 23:10:25.045548154,2.7,False,56,1
403,19.15779512368141,-155.52128582523483,2020-10-23 23:10:49.889603036,2.5,False,56,1
404,19.10476554722324,-155.53796771655843,2020-11-27 07:06:26.570004014,3.1,False,56,1
406,19.1041608577758,-155.54428299423574,2020-10-24 04:23:53.347848899,2.8,False,56,1
407,19.11047757102355,-155.60982842201216,2020-10-23 23:27:27.889051335,2.8,False,56,1
408,19.135276141622334,-155.57612786075236,2024-02-16 12:56:37.323377118,2.7,False,56,1
409,19.131109526099344,-155.55034816742935,2020-10-23 23:11:17.799027680,2.5,False,56,1
410,19.04267720894119,-155.54050142095676,2020-12-10 04:57:13.161610092,2.7,False,56,1
412,19.00421533943999,-155.6962938175698,2020-10-23 23:10:31.183400050,2.5,False,56,1
413,19.13299249507877,-155.5257994161962,2020-10-23 23:09:43.380034731,3.1,False,56,1
415,19.11640926244088,-155.5411793238663,2020-12-11 23:50:00.957033065,3.3,False,56,1
416,19.090908444788948,-155.67072086385284,2020-10-23 23:10:02.332670060,4.0,False,56,1
417,19.05631258962973,-155.63398007675266,2020-10-23 23:09:45.186255061,2.5,False,56,1
418,19.074892361767443,-155.5748730536728,2020-10-23 23:20:34.178865375,3.3,False,56,1
419,19.063080672908505,-155.7009992198625,2021-02-01 00:28:58.460010483,2.6,False,56,1
420,19.142687715932503,-155.54039704219235,2020-10-23 23:09:51.078229898,2.7,False,56,1
421,19.095675003976563,-155.55562517145407,2020-10-24 03:29:36.434742378,2.7,False,56,1
423,19.178377203280018,-155.46783992757435,2020-10-26 21:12:05.030162001,2.7,False,56,1
425,19.10863563046244,-155.55762809487715,2020-10-24 01:13:39.722189607,2.6,False,56,1
427,19.08253010111774,-155.56641018377317,2020-10-24 01:24:07.166270207,2.5,False,56,1
429,19.15066544153797,-155.57970146540055,2020-10-23 23:10:26.778005790,3.0,False,56,1
430,19.084711793340706,-155.59724470759926,2020-10-23 23:09:57.047095291,2.7,False,56,1
431,19.468031450647672,-155.69381187073617,2020-10-24 01:54:36.092973728,3.3,False,56,1
432,19.292726318011592,-155.5373958089068,2020-10-23 23:09:42.782403235,2.6,False,56,1
433,19.05013513408036,-155.5539602102547,2020-10-23 23:31:00.216567530,2.9,False,56,1
434,19.588177174359135,-155.17879571416273,2020-10-23 23:19:19.939588125,2.5,False,56,1
435,19.12969135652892,-155.53488854857414,2020-10-24 01:08:28.775047083,3.0,False,56,1
437,19.080425690906477,-155.53647615378003,2020-10-23 23:34:55.813382761,2.6,False,56,1
440,19.113219096981105,-155.55988684074708,2020-10-24 02:22:17.374218183,3.3,False,56,1
441,19.125354056580715,-155.6044572914854,2022-07-18 17:39:56.908540472,3.7,False,56,1
444,19.0453447866109,-155.5876621093248,2020-10-23 23:20:36.900432483,2.6,False,56,1
445,19.1105984767685,-155.53112751497932,2020-10-24 01:35:11.657327390,2.6,False,56,1
446,19.187274101855508,-155.76043340529637,2020-10-24 00:12:18.476692731,3.0,False,56,1
447,19.109554541246506,-155.52605977411892,2020-11-28 18:19:09.680132120,2.9,False,56,1
448,19.072967339984622,-155.53458235062,2020-11-14 12:05:53.238643504,2.5,False,56,1
449,19.228860213478495,-155.54916784164044,2020-10-23 23:14:47.603575255,2.6,False,56,1
452,19.197929201908718,-155.58855959001832,2021-04-26 11:25:06.276080215,2.7,False,56,1
457,19.120031360827962,-155.54759490301268,2020-10-26 18:37:31.549371782,2.5,False,56,1
458,19.165031903638706,-155.69119837907002,2021-08-28 16:56:09.281342843,3.0,False,57,1
459,19.187136317029918,-155.65003720451676,2020-10-26 17:29:32.523798388,3.1,False,57,1
460,19.916231875341076,-155.46305921177748,2020-11-04 13:56:38.407862058,2.7,False,60,1
461,19.90437573409191,-155.62665151340087,2020-11-10 03:16:28.075603485,2.7,False,62,1
462,18.97493608481951,-155.6902809821769,2021-04-07 14:48:04.133381348,2.5,False,63,1
463,19.987029347441183,-155.2307814085245,2020-11-21 18:19:21.858767360,3.2,False,64,1
464,20.0748841743201,-155.41437417197383,2020-11-24 19:23:30.183531136,3.5,False,65,1
465,20.07606081941527,-155.42429986346622,2020-11-24 22:47:32.347984005,2.8,False,65,1
466,19.74789411906553,-155.57257654266522,2020-12-11 17:02:00.906766734,3.2,False,66,1
467,19.70957271179624,-155.37731267841326,2020-12-02 19:52:45.791310345,2.6,False,67,1
468,19.258265081498887,-155.7621869459774,2020-12-13 15:27:02.139475255,2.6,False,69,1
469,19.71546950495406,-155.76176971469275,2020-12-29 09:39:45.174836956,2.8,False,71,1
470,19.727870508613744,-155.73903812541232,2021-06-16 08:36:43.349297992,2.6,False,71,1
471,19.411331237683047,-155.7821215041906,2021-01-10 16:52:07.037651431,3.0,False,74,1
472,19.821583071582896,-155.7897095751115,2021-01-10 23:43:05.726809943,2.6,False,75,1
473,19.890577107189504,-155.69668755383867,2021-01-20 13:12:27.804690899,2.8,False,77,1
474,20.05844161203008,-155.69959109468596,2021-01-22 21:44:48.354072732,2.5,False,79,1
475,19.76342119794603,-155.77037090631302,2021-01-26 09:52:26.568068079,2.5,False,80,1
476,19.776861819573114,-155.75568066525935,2021-01-26 17:40:05.484733504,3.1,False,80,1
477,19.257243817566042,-155.43591505688755,2024-09-21 07:41:39.570720018,3.2,False,91,1
478,19.235698818648714,-155.43881381016777,2021-04-22 21:21:11.292967383,2.5,False,91,1
479,20.236618149592832,-155.8512539794609,2021-04-26 14:08:12.076698192,3.6,False,93,1
480,19.151993722870092,-155.47641733364657,2024-01-07 20:39:10.238500772,2.6,False,95,1
481,19.486315413900765,-154.97686610662876,2021-05-10 22:36:10.900761619,2.8,False,96,1
482,19.878881912510405,-155.84987081181174,2021-05-23 11:00:07.336713069,2.5,False,97,1
483,19.763535581310535,-155.74706546123926,2021-05-23 13:04:35.509632406,2.9,False,97,1
484,19.755045297613503,-155.70453138836194,2021-05-23 11:24:36.897600916,2.8,False,97,1
485,19.75014320615019,-155.74768980851977,2021-05-23 20:30:43.733571053,3.0,False,97,1
486,19.756596768140266,-155.7407890521152,2021-05-24 15:18:51.210415906,2.8,False,97,1
487,19.755446069021843,-155.74200353605264,2021-05-26 13:45:22.475035180,3.4,False,97,1
488,19.740163883983715,-155.74338755655828,2021-05-29 12:37:33.696448564,3.0,False,97,1
489,19.828934817393698,-155.34977570057526,2021-12-15 21:33:27.307372283,2.5,False,98,1
490,19.747868180194484,-155.19057818149906,2021-08-15 11:37:23.447397801,3.4,False,105,1
491,19.874194340708165,-155.48145469959016,2021-09-04 13:20:08.961996950,2.7,False,108,1
492,19.727912810788858,-155.6538041864503,2021-09-15 06:09:21.259535675,2.5,False,109,1
493,19.722826973458986,-155.64201355935663,2021-09-15 13:51:15.772789450,2.6,False,109,1
494,19.72120901192673,-155.65397337244983,2021-09-19 06:29:22.869671302,3.0,False,109,1
495,19.653429518841698,-155.95383489089974,2021-09-17 02:26:31.733692254,2.6,False,109,1
496,19.82575882820137,-155.56126357500077,2021-09-15 21:31:31.744778714,2.8,False,109,1
497,19.999595261279023,-155.29559944762397,2021-10-07 22:30:39.962706138,2.6,False,112,1
498,19.347067746860986,-155.5392242374137,2021-10-10 07:44:06.802758935,2.8,False,114,1
499,19.382549591580887,-155.54570486723392,2021-10-10 07:24:35.307273584,2.9,False,114,1
500,19.101729450528797,-155.78084657796146,2022-01-26 01:32:55.233712725,2.9,False,115,1
501,19.09119435381603,-155.77853079558295,2021-10-11 17:24:16.971959432,3.4,False,115,1
502,19.180247974620457,-155.77575964483253,2021-10-13 23:28:24.513249194,2.8,False,115,1
503,20.184507618628192,-155.72029286260832,2021-10-20 13:25:57.972990791,2.5,False,116,1
504,20.17560156073707,-155.7205529200461,2021-10-19 20:34:45.247103741,2.5,False,116,1
505,19.305466051722092,-155.18952363026312,2021-10-26 07:16:52.417964448,2.9,False,117,1
506,19.82439387039679,-155.59073586629992,2021-10-31 00:17:16.688341806,2.8,False,119,1
507,19.313638254144664,-155.82549717871584,2021-11-19 08:01:55.006365151,2.6,False,123,1
508,19.462564129572936,-155.0037817139168,2021-11-24 01:20:23.369331733,3.8,False,124,1
509,19.46525733888513,-155.07077478947545,2021-11-24 05:24:39.931621807,2.7,False,124,1
510,19.474552949248196,-155.00672633360122,2021-11-24 01:18:32.391213883,3.7,False,124,1
511,19.506120241234676,-155.11053370053645,2021-11-27 04:58:42.854862961,2.9,False,124,1
512,19.496778054616303,-155.01514202019123,2022-05-16 05:07:45.704499657,3.8,False,124,1
513,19.476183766827983,-155.00404602148424,2021-11-24 01:44:45.242808299,2.6,False,124,1
514,19.44601600477876,-155.05107115157026,2021-11-24 01:40:41.904262781,2.9,False,124,1
515,20.023519661278574,-155.51454115227185,2021-12-18 12:32:06.421092590,2.9,False,127,1
516,19.82996319271134,-155.107825741553,2021-12-19 00:45:18.267689871,2.5,False,128,1
517,19.468028131975203,-155.9008476692032,2022-01-21 18:49:31.539876800,2.7,False,130,1
519,19.555634862945187,-155.19419499863145,2022-02-08 03:44:18.711287280,3.0,False,139,1
520,19.194228997576612,-155.58704181059207,2022-02-16 21:16:42.457567892,2.6,False,142,1
521,19.133403530954286,-155.54037768608853,2022-03-05 15:07:56.450851300,2.5,False,145,1
522,19.118081020825436,-155.538772829298,2022-05-28 07:28:06.286185221,2.6,False,145,1
523,19.124357571682577,-155.54939267776763,2022-03-01 14:38:15.779476631,2.5,False,145,1
524,19.156527289722067,-155.51453537750436,2022-03-01 14:58:54.785848348,2.5,False,145,1
525,19.212581907655398,-155.48915174936334,2022-03-02 11:10:31.260242047,3.1,False,145,1
526,19.79935327177421,-155.20370878243105,2022-03-08 05:36:15.722616055,2.7,False,146,1
527,19.78997435958408,-155.2044587946961,2022-03-08 05:38:27.470585227,2.5,False,146,1
528,19.796592861434277,-155.32778269823248,2022-04-24 16:00:24.158261135,3.1,False,150,1
529,19.240796268137913,-155.87551766055893,2022-05-09 07:17:25.672966783,2.5,False,152,1
530,19.221442394524573,-155.85870617196883,2022-07-27 23:25:14.039448822,2.6,False,152,1
532,19.441272319285822,-155.8364402799304,2022-05-29 20:21:07.292764347,2.9,False,155,1
533,19.448869126209825,-155.01103452530694,2022-06-02 12:30:34.837270315,3.9,False,156,1
534,19.675138284849417,-155.1052002431452,2022-06-02 12:18:45.888084775,4.1,False,156,1
535,19.6123162902603,-155.05855175519957,2022-06-02 12:23:57.586158747,2.9,False,156,1
537,19.72867608042182,-155.03439950034544,2022-06-02 14:31:06.159190034,2.8,False,156,1
538,19.53937748709648,-155.29519964182094,2022-06-22 11:05:49.739725390,2.6,False,159,1
539,19.526954994113314,-155.29403236681532,2022-06-19 19:53:47.929132678,3.0,False,159,1
540,19.65169760988568,-155.3973278261309,2022-06-24 07:46:26.980532292,2.5,False,160,1
541,19.573516610728795,-155.8397773326436,2022-07-31 09:11:02.039157422,2.8,False,165,1
542,20.018055450833163,-155.75093980349922,2022-09-05 22:22:11.399616459,2.6,False,171,1
543,20.006690081666388,-155.45448449267056,2022-10-02 00:42:00.539783471,2.8,False,173,1
544,19.789510369223017,-155.28376287827112,2022-09-30 08:10:16.934670267,3.0,False,177,1
545,19.248273384311915,-155.39259466989887,2022-11-12 13:07:12.610162567,2.8,False,180,1
546,19.605659147895306,-155.04482820139322,2023-07-18 06:04:21.800886182,2.6,False,181,1
547,19.21029516059824,-155.72506031515348,2022-11-28 09:04:14.195395728,2.8,False,184,1
548,19.279708856019973,-155.44869152529915,2023-06-06 06:23:08.438345986,2.5,False,189,1
549,19.48695431128014,-155.93547770041917,2022-12-27 23:04:48.574431023,2.7,False,190,1
550,19.1678019137617,-155.580668261218,2023-01-16 19:45:57.527026712,2.7,False,194,1
551,19.17954416808048,-155.5862972464733,2023-01-16 17:23:14.145838811,2.6,False,194,1
552,19.188947625225588,-155.7966430369678,2023-02-27 21:04:02.505730797,2.5,False,201,1
553,19.725115638526745,-155.0164234824737,2023-04-04 16:38:05.098818375,2.5,False,202,1
554,19.71055614009149,-155.01408179588583,2023-02-28 11:20:06.768101594,2.5,False,202,1
555,19.159971998563364,-155.68314938933025,2023-03-14 13:14:35.704073683,2.6,False,206,1
556,19.167166660267174,-155.72760015920306,2023-03-13 14:00:07.275566448,3.0,False,206,1
557,19.580916151840775,-155.2320506022072,2023-04-23 22:41:47.672874994,2.9,False,210,1
558,19.33608774915662,-155.6216289008138,2023-04-27 17:59:11.244184935,2.6,False,211,1
559,19.347231081328463,-155.63600610037736,2024-06-03 07:45:22.523852635,2.9,False,211,1
560,19.32485307040939,-155.6623873780437,2023-04-27 18:01:21.178976001,3.0,False,211,1
561,19.348576705265803,-155.62154292714044,2023-05-03 18:23:37.594765714,2.7,False,211,1
562,19.34945213505624,-155.5936709060478,2023-04-27 18:08:31.690471358,2.7,False,211,1
563,19.334648927885763,-155.61640329371352,2023-04-27 17:59:43.817229464,2.7,False,211,1
564,19.338704491819275,-155.6155943819833,2023-05-13 17:10:00.487725133,3.0,False,211,1
565,19.44390186681084,-155.78312916184467,2023-05-31 06:31:46.768319375,2.5,False,215,1
566,19.611854349325583,-155.37567538375043,2024-04-29 09:17:20.652480554,2.6,False,216,1
567,19.60463906647948,-155.3909433280346,2023-06-03 20:29:00.138143446,3.0,False,216,1
568,19.62198943720599,-155.39707795671055,2023-06-03 08:06:07.549865747,2.8,False,216,1
569,19.160025909244315,-155.854714222403,2023-09-18 07:17:39.018447713,2.7,False,223,1
570,19.767992902490818,-155.5937865199211,2023-07-11 03:46:15.005396161,2.5,False,226,1
571,20.23465537359697,-155.85356502801457,2023-07-22 03:10:58.619209119,2.7,False,227,1
573,19.76076410198904,-155.21473088754047,2023-09-20 01:31:27.802509077,2.6,False,235,1
574,19.71755089690518,-155.09523075638657,2023-08-13 11:46:23.305935087,3.3,False,235,1
575,19.750670622138653,-155.2189504358129,2023-08-13 12:58:37.029110780,2.8,False,235,1
576,19.771173241323137,-155.20606286406206,2023-08-13 13:35:15.991604118,3.4,False,235,1
577,19.61229724291735,-155.1220215884088,2023-08-13 11:56:54.688414293,2.7,False,235,1
578,19.812686115951664,-155.21108880396253,2024-11-22 12:29:43.388619266,2.9,False,235,1
579,19.767328199665936,-155.22172731780827,2023-08-13 11:41:15.810255059,3.2,False,235,1
580,19.770232107903944,-155.21015943400312,2023-08-13 14:58:05.617892586,2.7,False,235,1
581,19.33168672086837,-155.2580932926138,2023-09-04 23:30:13.550617397,3.1,False,237,1
582,19.3252513565416,-155.25272545332834,2023-09-05 04:55:53.362691461,3.2,False,237,1
583,19.028616722894615,-155.5754454601194,2024-03-06 12:00:28.935332894,2.7,False,240,1
584,19.371038198597205,-155.17761181482047,2023-10-10 13:03:43.505204048,2.8,False,244,1
585,19.411256721724907,-155.1471061782118,2023-12-09 03:22:31.599491487,2.8,False,244,1
586,19.355663469245783,-155.1741884331539,2023-10-10 12:55:53.913222614,3.0,False,244,1
587,19.68469135639032,-155.79344530117524,2023-11-01 14:59:10.383441676,2.8,False,245,1
588,20.17052171157865,-155.6931025741746,2023-11-09 08:12:42.547652132,2.6,False,246,1
589,19.536870306298656,-155.00735570060016,2023-11-23 14:58:09.578025082,2.8,False,247,1
590,19.557351914556037,-155.00227165446708,2023-11-23 15:29:19.264226925,3.7,False,247,1
591,19.454654225295833,-155.82131104801493,2023-11-26 03:44:28.047656676,3.0,False,249,1
592,19.427012199710518,-155.77949496925908,2023-11-26 00:54:26.616760836,4.0,False,249,1
593,19.643722677556756,-155.9396446695304,2024-01-03 10:55:19.467092474,2.8,False,254,1
594,19.741837570195386,-155.82447643821666,2024-01-03 09:51:13.744973423,2.6,False,254,1
595,20.136509851582975,-155.6458208894514,2024-01-08 23:40:40.358191778,2.8,False,256,1
596,19.313139804908353,-155.4634789418727,2024-01-19 15:49:04.290126474,2.6,False,259,1
597,20.159365375313666,-155.65537068929174,2024-02-12 18:10:14.394924929,3.1,False,260,1
598,19.16649216246229,-155.75918519327772,2024-02-08 09:50:37.908033371,2.6,False,261,1
599,19.524972190779273,-155.2856900928821,2024-02-11 04:51:22.158145848,2.6,False,263,1
600,19.522392206085403,-155.28629034078116,2024-02-11 05:35:28.907967661,2.9,False,263,1
601,19.520950253391476,-155.275762318559,2024-02-11 05:21:23.219741781,3.0,False,263,1
602,19.813761649703224,-155.59635848746433,2024-02-12 02:54:00.756105408,2.6,False,264,1
603,19.953444120892804,-155.76674833795795,2024-02-12 04:20:45.568808071,2.5,False,264,1
604,19.421797738435064,-155.29738772746532,2024-02-13 23:37:37.526276616,3.1,False,265,1
605,19.915325638102907,-155.38410438816132,2024-03-02 18:29:04.524784767,2.5,False,269,1
606,19.918060739867467,-155.37720394154948,2024-02-28 13:22:27.162203066,3.5,False,269,1
607,19.068195537386888,-155.6204763172349,2024-03-10 14:06:14.590432608,3.5,False,271,1
608,19.254268570167163,-155.46968167580184,2024-03-24 11:10:02.401316004,3.4,False,275,1
609,19.247177161435214,-155.4816789151575,2024-03-25 18:24:39.711183311,2.8,False,275,1
610,19.73839550278802,-155.27812063657808,2024-05-13 19:55:16.247986672,3.0,False,278,1
611,19.944821068123705,-155.44990888253895,2024-06-07 22:02:15.066344500,3.2,False,283,1
612,19.941241814477877,-155.38306204901548,2024-06-07 22:00:20.207003460,2.6,False,283,1
613,19.91029971081328,-155.48371063925,2024-06-07 22:07:51.781532035,2.5,False,283,1
614,19.946562324604468,-155.22513756236444,2024-07-23 23:29:28.993131136,3.6,False,286,1
615,20.012660815131106,-155.25952021817113,2024-07-23 08:42:24.679540065,2.7,False,286,1
616,20.011856862979638,-155.25930204269804,2024-07-23 15:39:25.206909592,2.6,False,286,1
617,19.99719601860445,-155.27329167933433,2024-07-23 23:14:40.516231499,3.5,False,286,1
618,19.96297250011543,-155.5731985591202,2024-07-24 02:11:35.594378238,3.1,False,287,1
619,19.017379272121616,-155.83345473653247,2024-08-07 16:04:09.899002720,2.5,False,291,1
620,19.011628264505312,-155.83441228006953,2024-08-07 07:05:34.457113704,2.6,False,291,1
621,19.82343303960683,-155.3864711111692,2024-08-14 16:10:41.716577399,2.5,False,292,1
622,19.832035502510784,-155.35946798265718,2024-08-14 09:14:04.112139072,2.5,False,292,1
623,19.260174189675958,-155.37373057359005,2024-08-24 07:13:04.619558642,3.0,False,295,1
624,19.08325387630293,-155.82827559712885,2024-09-04 02:35:05.862380336,2.5,False,296,1
626,19.087545970891806,-155.8088307975516,2024-08-30 03:09:12.920116944,2.9,False,296,1
627,19.093253345139775,-155.8165424380836,2024-08-30 02:30:45.856117465,2.5,False,296,1
628,19.775130803656257,-155.3429321921587,2024-09-26 11:23:41.027743889,3.0,False,298,1
629,19.458546225877377,-155.44037565818954,2024-10-04 17:40:07.987376125,3.8,False,301,1
631,19.109796955987427,-155.63318007871814,2024-11-19 22:59:26.632873575,2.9,False,308,1
632,19.50863617998398,-155.4835845826149,2024-12-30 21:43:39.443902271,2.6,False,314,1
633,19.762500726704708,-155.2631231500902,2020-01-01 11:58:56.168617068,2.7,False,1,2
634,19.77938014194724,-155.67762388333784,2020-02-08 08:53:25.545801437,3.3,False,3,2
635,19.689949019112085,-155.34387888117558,2020-02-08 05:14:45.187128405,2.8,False,10,2
636,19.628037953178467,-155.71393493829262,2020-03-11 09:45:35.824284711,2.7,False,16,2
637,19.816242891827724,-155.47531926407143,2020-03-11 09:29:18.556680175,2.7,False,16,2
639,19.175322840068706,-155.79307362926824,2020-03-18 04:48:09.630489294,2.5,False,18,2
640,19.049413946852983,-155.78341483553967,2020-03-18 03:13:25.218728307,2.9,False,18,2
641,19.068688474071923,-155.83989185006857,2020-03-18 02:56:38.841631214,2.8,False,18,2
642,19.06356394847503,-155.79071513096827,2020-03-18 03:58:44.871309563,2.7,False,18,2
643,19.056494104537965,-155.84998376377789,2020-03-18 03:09:17.054899173,3.5,False,18,2
644,19.047837309428054,-155.79325104737043,2020-03-18 02:59:47.229674028,2.6,False,18,2
645,19.079844002974344,-155.80749462556196,2020-03-18 03:55:22.521853069,3.6,False,18,2
646,19.070121768576342,-155.7802224360164,2022-06-30 22:42:39.561608686,2.6,False,18,2
647,19.050146978551968,-155.79347418749487,2020-03-18 04:17:40.159099757,2.5,False,18,2
648,19.025785637208447,-155.77148795371448,2021-01-09 18:12:45.429016970,2.6,False,18,2
650,19.60124972114657,-155.93099060066655,2020-04-19 17:26:57.603611995,2.9,False,24,2
651,19.50625121214556,-155.3444982800803,2020-06-01 13:20:54.176275030,2.8,False,27,2
652,19.58341547946011,-155.48761661139798,2020-06-01 13:16:22.886447610,2.9,False,27,2
653,19.515337578223708,-155.27213425278663,2020-06-02 01:04:46.742796893,2.6,False,27,2
654,19.392364745657623,-155.33229353978226,2021-03-27 14:51:03.229141854,2.8,False,27,2
655,19.391911641971134,-155.33304112917205,2020-06-01 13:21:25.942421337,2.8,False,27,2
656,19.378955393463862,-155.3589568041696,2020-07-13 11:16:04.243574022,3.3,False,27,2
658,19.373825555121158,-155.37878651879566,2020-06-01 14:54:41.826984628,3.0,False,27,2
659,19.41860189108743,-155.44160868584035,2020-06-01 21:37:55.866126710,2.5,False,27,2
660,20.25666596993378,-155.86101536833684,2020-07-26 09:21:43.318316646,2.9,False,28,2
661,20.140653740621126,-155.77780291455593,2020-05-23 17:41:48.324959148,3.0,False,28,2
662,20.146149530994915,-155.8064521197508,2020-05-23 20:29:55.177882131,2.7,False,28,2
663,20.16759153800902,-155.78756511127472,2020-05-23 17:59:38.557236816,2.9,False,28,2
664,20.14568376150098,-155.7907214293126,2020-05-26 23:29:39.566683020,2.8,False,28,2
665,19.697240707788612,-155.58964806639253,2020-08-15 14:52:32.249075165,2.5,False,30,2
666,19.645972675829036,-155.6238072669773,2020-05-24 03:16:43.627646408,2.8,False,30,2
667,19.64201313168535,-155.6306831960697,2020-05-24 06:56:05.658613226,2.7,False,30,2
668,19.63272516969558,-155.64639189945734,2020-05-30 04:12:50.534350599,2.5,False,30,2
669,19.629603713751955,-155.65352490627203,2020-05-30 04:46:08.082462546,2.5,False,30,2
670,19.645534418288204,-155.61803819655955,2021-06-17 17:18:48.252230694,2.7,False,30,2
671,19.828440575954975,-155.1507026149043,2020-12-26 01:12:58.535974426,2.5,False,37,2
672,19.782243170225073,-155.65772385902227,2020-07-14 16:46:23.033906396,2.7,False,39,2
677,19.12956851525513,-155.58669574453864,2020-10-23 23:59:17.755076879,3.0,False,56,2
678,19.343859857386775,-155.32258029490595,2020-10-24 02:49:25.731653325,3.4,False,56,2
679,19.101400862558958,-155.58914804356414,2020-11-05 21:52:38.690895796,2.9,False,56,2
680,19.08031190490113,-155.5801953432255,2020-11-05 18:40:41.501760088,3.5,False,56,2
685,19.11130637906303,-155.55917871574533,2023-11-18 21:44:12.322101169,3.2,False,56,2
686,19.111883585175132,-155.5976974441198,2023-11-18 01:05:19.885348692,2.6,False,56,2
687,19.110520329417554,-155.55337721998848,2023-11-14 10:27:46.812980883,3.6,False,56,2
688,19.10289409968371,-155.5662736276786,2023-11-14 13:59:46.948126776,2.6,False,56,2
692,19.172787808588257,-155.493311179677,2020-10-24 01:31:53.774096071,3.1,False,56,2
693,19.170243635979016,-155.45544235217903,2020-10-24 02:53:13.044684860,3.1,False,56,2
694,19.17254993355192,-155.52677594264418,2020-10-24 06:18:01.193030945,2.5,False,56,2
696,19.088324590498605,-155.5503247960147,2021-01-03 08:45:40.424222207,2.5,False,56,2
697,19.277807652978804,-155.8679507072684,2020-11-01 20:44:00.611594043,2.6,False,56,2
698,19.210418497295105,-155.39166320731184,2020-10-31 11:37:43.215839925,2.6,False,56,2
699,19.19866176808511,-155.40451160333103,2020-10-31 11:37:49.744648754,2.5,False,56,2
700,19.032327094569098,-155.86769427541287,2020-10-24 00:24:15.748014243,4.1,False,56,2
701,19.40116672749784,-155.22848657194535,2020-10-24 09:56:39.269015226,2.8,False,56,2
703,19.12417666520969,-155.55877942690773,2020-10-24 01:14:19.479907049,3.7,False,56,2
704,19.10678124812059,-155.5391122754649,2020-11-27 07:07:30.710527795,3.1,False,56,2
705,19.110961425037978,-155.5407013767999,2020-11-27 18:57:48.571071613,2.5,False,56,2
706,19.147325096849826,-155.57747054155186,2020-10-24 15:24:07.297537214,3.5,False,56,2
707,19.12978795045978,-155.51809140987942,2023-05-18 08:26:13.810939029,2.5,False,56,2
708,19.121755601900297,-155.56352093783028,2020-12-12 04:06:26.055082780,2.6,False,56,2
710,19.117098113092602,-155.54015656558954,2020-12-12 00:13:36.361292607,2.5,False,56,2
711,19.055069176745096,-155.61266410809773,2020-10-23 23:15:24.661590889,2.8,False,56,2
712,19.073587597752866,-155.66017307351115,2020-10-23 23:12:28.119561331,4.3,False,56,2
713,19.092762421291685,-155.6504771929994,2020-10-23 23:13:45.921951184,2.7,False,56,2
714,19.094430394021092,-155.67017747461375,2020-10-23 23:15:08.176076914,2.7,False,56,2
715,19.074072681871794,-155.56420311694325,2021-05-31 16:05:13.300947252,2.8,False,56,2
716,19.181087786939766,-155.47273339879516,2020-10-28 07:13:50.096028717,2.6,False,56,2
718,19.115390948010752,-155.56563019936857,2020-10-25 19:13:31.520837931,2.6,False,56,2
719,19.21917217816423,-155.68653398700113,2020-10-23 23:25:28.514432548,2.7,False,56,2
720,19.291698420294384,-155.53522264948782,2020-10-23 23:11:03.064056035,2.6,False,56,2
733,19.086706433546496,-155.5360389188482,2020-10-24 02:25:03.468216415,3.3,False,56,2
734,19.132590476429982,-155.59787732751636,2022-07-18 18:39:25.258824026,3.4,False,56,2
735,19.100746939280008,-155.63502698816555,2022-07-18 17:40:00.930458744,3.2,False,56,2
738,19.109368501977357,-155.5319640575315,2020-11-28 18:19:21.646646746,2.6,False,56,2
741,19.26652923984392,-155.76086368318437,2020-10-26 17:29:34.694743133,2.9,False,57,2
742,20.043749811609292,-155.39738180206894,2020-11-25 15:58:49.571538580,2.7,False,65,2
743,20.073164035661765,-155.42901419454114,2020-11-24 19:25:27.707611601,3.6,False,65,2
744,19.750340278091713,-155.57268325137048,2020-12-11 17:02:22.613972294,2.7,False,66,2
745,19.402956022114488,-155.79346698900878,2021-01-11 14:52:09.870424612,2.9,False,74,2
746,19.834317051817013,-155.86895771266325,2021-01-11 00:41:43.595796560,2.9,False,75,2
747,19.821262736910466,-155.7880548572344,2021-01-18 17:26:34.869732694,2.5,False,75,2
748,19.701246631513463,-155.73382642465722,2021-03-11 05:18:15.485705714,2.8,False,80,2
749,19.25809066477544,-155.43031439918107,2024-09-29 19:30:11.965690962,2.8,False,91,2
750,19.261150856237528,-155.44142707343516,2024-11-26 08:29:05.983982526,3.9,False,91,2
751,19.762516111526878,-155.74419970127582,2021-05-24 05:35:38.033314237,3.1,False,97,2
752,19.764533658159834,-155.74982161570222,2021-05-29 14:31:42.720432112,3.5,False,97,2
753,19.682983231191397,-155.72942733744756,2021-05-24 16:37:03.347709147,2.8,False,97,2
754,19.74992928065321,-155.74413681072662,2021-05-26 14:03:33.212801320,2.5,False,97,2
755,19.757532028085322,-155.7419651225599,2021-05-29 12:43:25.681484742,3.1,False,97,2
756,19.828049301726615,-155.34971266953093,2021-12-15 21:55:00.875090709,2.7,False,98,2
757,19.740591318805684,-155.1723751647469,2021-08-18 14:05:51.726767764,2.7,False,105,2
758,19.71155355527807,-155.65109005780593,2021-09-15 13:52:20.036865525,3.1,False,109,2
759,19.352436338864845,-155.53681389700242,2021-10-10 22:35:12.057342646,3.4,False,114,2
760,19.26163305269572,-155.5316082460968,2021-10-10 07:44:57.698819823,2.5,False,114,2
761,19.100413952833115,-155.7796231435689,2022-01-26 15:07:53.078910244,2.6,False,115,2
763,19.796840805148253,-155.59001571979593,2021-10-31 03:20:06.368613820,4.0,False,119,2
764,19.446085347681326,-155.0780696040259,2021-11-25 05:24:45.191441055,2.9,False,124,2
765,19.472615157219963,-155.00278229869568,2021-11-24 01:29:45.100678317,2.9,False,124,2
766,19.429417415970633,-155.1728530485519,2021-11-28 13:14:44.167091443,3.1,False,124,2
767,19.492363077736833,-155.0192459208217,2022-05-16 21:17:53.703515223,2.6,False,124,2
768,19.501022640997917,-155.04011032812292,2022-05-16 11:04:23.332687120,2.7,False,124,2
769,19.497154544200544,-154.9999647267516,2022-05-16 05:40:49.403870618,2.5,False,124,2
770,19.484741775033356,-155.02056958847427,2022-05-17 10:32:02.609466054,2.8,False,124,2
771,19.143907133086433,-155.53107805604998,2022-03-05 15:21:15.870106368,2.5,False,145,2
773,19.12339185605846,-155.55112209114165,2022-05-23 03:26:41.231079340,3.4,False,145,2
774,19.212253358638005,-155.49381071612376,2022-03-04 16:18:56.868412922,2.5,False,145,2
775,19.79676806755264,-155.3360527141623,2022-04-25 20:10:31.574143644,2.8,False,150,2
776,19.216219669673453,-155.85350683509134,2022-07-27 23:49:40.669525522,2.7,False,152,2
785,19.55177625339474,-154.86154198825702,2022-06-02 12:36:30.443978174,3.0,False,156,2
786,19.683834894778695,-155.12436274422848,2022-06-03 22:34:07.126213198,2.8,False,156,2
787,19.670195908586972,-155.11208816175534,2022-06-02 12:31:20.628348289,2.9,False,156,2
788,19.69705682220994,-155.13190616457797,2022-06-05 14:14:02.670954276,2.6,False,156,2
789,19.536344284903215,-155.2058709225409,2022-06-02 14:48:42.891446456,2.8,False,156,2
790,19.673525915256622,-155.10102983058326,2022-06-04 07:23:57.144990137,2.6,False,156,2
791,19.674388442196598,-155.10443274900518,2022-06-02 12:28:05.498691217,3.9,False,156,2
792,19.66663490673218,-155.10251857537614,2022-06-02 12:20:34.392766113,3.2,False,156,2
793,19.67720569913708,-155.1065627081937,2022-06-02 12:20:28.159105819,2.5,False,156,2
795,19.55940326463176,-155.3126480877688,2022-06-23 21:28:53.109325157,2.7,False,159,2
796,19.993514135045395,-155.46581699494973,2022-10-02 00:45:35.544634733,2.8,False,173,2
798,19.596293458244023,-155.06863574585026,2023-07-20 15:05:45.832415121,3.4,False,181,2
799,19.2345052182356,-155.591175040599,2023-01-16 18:28:56.238434745,2.6,False,194,2
800,19.729714644578927,-155.01893770787834,2023-05-06 21:03:10.720149317,3.2,False,202,2
801,19.42701243666471,-155.61100692837982,2024-07-06 07:11:40.933872015,2.8,False,211,2
802,19.623468308749523,-155.4154992713847,2023-06-03 08:10:11.922148393,3.1,False,216,2
804,19.744101060478577,-155.21421277547535,2023-09-20 05:55:46.746847601,2.8,False,235,2
805,19.759523498922576,-155.22931455490465,2023-08-13 13:18:01.102818186,3.6,False,235,2
806,19.81233673467183,-155.2515475657073,2023-08-13 12:07:54.073918001,2.6,False,235,2
807,19.82753476056092,-155.43134722942347,2023-08-15 08:48:26.948147979,2.5,False,235,2
808,19.524189554791743,-155.0115757434395,2023-11-23 15:44:13.518885634,3.8,False,247,2
810,19.70509755416647,-155.08492228394374,2023-11-23 15:34:39.830531085,2.6,False,247,2
811,19.408997346150777,-155.7770138645413,2023-11-26 01:26:59.952877929,2.6,False,249,2
813,19.42643828864458,-155.2952295902997,2024-02-15 01:56:30.071420735,2.5,False,265,2
815,19.405950963617737,-155.42029280183255,2024-02-16 01:38:54.412842882,3.0,False,265,2
817,19.071816283715233,-155.6273263604917,2024-03-10 14:16:19.124940216,3.4,False,271,2
818,19.227465231750315,-155.4627612218992,2024-03-25 00:56:23.406064326,2.5,False,275,2
819,19.894979468056967,-155.3716610807141,2024-06-07 22:02:29.387672067,2.7,False,283,2
820,19.955128063255025,-155.2214647547745,2024-07-23 23:29:35.363292639,3.0,False,286,2
821,19.95259383586974,-155.21023777137833,2024-07-24 02:04:27.461776629,2.6,False,286,2
822,19.991314126672144,-155.26896618022934,2024-08-19 10:49:01.991873426,2.6,False,286,2
823,19.965210994197925,-155.5675173670725,2024-07-26 06:09:20.342860246,2.7,False,287,2
824,19.96387644222959,-155.52305337334445,2024-07-24 03:40:45.870525606,3.2,False,287,2
825,19.28286476080505,-155.40537746642062,2024-08-24 07:17:41.200567992,3.7,False,295,2
826,19.455854536145463,-155.44180051732212,2024-10-04 17:43:36.546156996,2.5,False,301,2
828,19.76402322600785,-155.25895815405235,2020-01-02 19:15:29.668656063,2.5,False,1,3
829,19.637453784129143,-155.20330732260823,2020-02-08 09:08:37.199160277,2.5,False,3,3
830,19.774728600391523,-155.67716538610495,2020-02-08 08:54:43.125135425,3.9,False,3,3
831,19.690346270524035,-155.33855087458332,2020-02-08 05:18:21.608197517,2.6,False,10,3
833,19.059546731899065,-155.7816385645023,2020-03-18 04:06:54.928162620,2.5,False,18,3
834,19.06474848417512,-155.78786295890123,2020-04-05 13:31:03.356855889,2.9,False,18,3
836,19.068517996549417,-155.85878636443599,2020-09-17 10:02:56.518935235,3.8,False,18,3
837,19.056847918311053,-155.854485545418,2020-03-28 02:41:36.491682841,2.6,False,18,3
838,19.110868450894536,-155.81114398696187,2020-03-22 12:34:50.497963871,4.0,False,18,3
840,19.06784779289984,-155.80357267404355,2020-03-29 01:12:31.536540021,2.6,False,18,3
841,19.081731029143967,-155.81345453030417,2020-03-18 04:39:27.349384445,2.5,False,18,3
842,19.075838542255724,-155.81247925103315,2020-03-18 09:56:09.921494266,2.7,False,18,3
843,19.069687238119396,-155.77653343966597,2022-07-08 08:51:00.482222156,2.6,False,18,3
857,19.601867137436663,-155.92981440483953,2020-04-21 19:23:21.284357745,2.8,False,24,3
859,19.42080807581978,-155.44334768563598,2020-06-02 03:08:33.576641265,3.2,False,27,3
860,20.1458328005058,-155.7784721760201,2020-05-24 09:43:25.963340654,3.6,False,28,3
861,20.152217208558742,-155.7557205266587,2020-05-26 05:41:15.188412704,2.8,False,28,3
862,20.165045930715486,-155.78461049596118,2020-05-23 22:54:18.886966489,3.0,False,28,3
863,19.693676866107758,-155.60168283833073,2020-12-15 17:26:49.105756037,3.4,False,30,3
864,19.700126077845578,-155.5865446996864,2020-08-15 15:10:41.468031940,2.5,False,30,3
865,19.637263870347855,-155.62362429539255,2020-05-28 15:59:52.156350619,3.0,False,30,3
866,19.649292352341174,-155.61431280700947,2021-06-17 17:51:00.383035731,2.9,False,30,3
867,19.787544663796705,-155.64843035683097,2020-07-14 19:36:59.641567875,3.1,False,39,3
870,19.52523958517819,-155.4529324316741,2022-12-12 22:41:23.987354891,4.1,False,56,3
871,19.085998753140448,-155.5524531079552,2020-11-05 19:08:40.655614808,2.9,False,56,3
878,19.515035146886188,-155.31705864945974,2023-11-18 01:10:13.781130128,2.5,False,56,3
879,19.12853787823076,-155.5480515576453,2023-11-14 20:00:37.103071023,2.8,False,56,3
880,19.135838315572222,-155.5645667110689,2023-12-05 01:57:27.498600121,3.2,False,56,3
883,19.139529449466547,-155.49393722419052,2020-10-24 05:19:06.690744423,2.9,False,56,3
885,19.170559126076693,-155.47078926446412,2023-07-25 09:07:12.500855239,2.5,False,56,3
886,19.18865520450804,-155.44565488359734,2020-10-24 02:54:21.407015171,4.4,False,56,3
887,19.283355651582635,-155.86504781410386,2020-11-05 13:21:38.986272461,2.5,False,56,3
888,19.276120969748114,-155.1731183508914,2020-10-31 16:00:36.445281400,3.3,False,56,3
892,19.031803423468148,-155.86458987655905,2020-10-24 03:14:42.645896980,3.2,False,56,3
894,19.025510767049923,-155.86401793826883,2020-10-24 01:02:25.678485888,2.7,False,56,3
895,19.109068251203613,-155.53732155249114,2021-03-30 20:19:38.825621677,2.5,False,56,3
896,19.16487741104259,-155.58757206673343,2020-10-24 15:38:20.750584004,3.1,False,56,3
897,19.154979409462683,-155.56580350062725,2022-01-13 19:10:49.210576680,2.7,False,56,3
898,19.053740852778404,-155.68148808031506,2020-10-24 04:56:38.649661815,2.8,False,56,3
899,19.061177008800204,-155.62089394999023,2020-12-02 11:20:18.760623884,2.5,False,56,3
900,19.06409161214994,-155.64385668500105,2020-10-24 01:25:46.797297070,3.5,False,56,3
901,19.0512137315569,-155.63018516564588,2020-10-23 23:13:04.637815335,3.3,False,56,3
902,19.088117619963327,-155.6264152238455,2020-10-25 09:23:16.440392155,2.7,False,56,3
903,19.069492834536515,-155.65622286568689,2020-10-24 00:17:19.489792025,2.5,False,56,3
904,19.12335926827183,-155.62595264507297,2020-10-24 00:59:07.689178853,3.2,False,56,3
905,19.04868781886275,-155.64977122936295,2020-10-24 02:17:50.313081411,2.7,False,56,3
906,19.088354168903226,-155.69438428232937,2020-11-07 00:57:14.471352285,2.8,False,56,3
907,19.08023578985568,-155.57494140124183,2021-08-30 15:10:17.787430016,2.7,False,56,3
913,19.1992172731552,-155.48196970899332,2021-01-05 04:15:06.673753771,3.0,False,56,3
914,20.059787793283295,-155.43866878605502,2020-11-25 09:15:19.375340149,2.9,False,65,3
915,19.445799731050748,-155.6574889047481,2021-01-23 04:27:47.371015112,2.6,False,74,3
916,19.833933590413352,-155.87977163164382,2021-01-14 07:08:48.710253822,2.8,False,75,3
917,19.705780461920174,-155.75732788754883,2021-03-11 05:20:25.170026834,2.9,False,80,3
918,19.26236013465208,-155.44438483418074,2024-11-26 08:29:17.849339281,2.7,False,91,3
919,19.268121148674737,-155.5008762151632,2024-11-26 10:28:34.957818805,4.3,False,91,3
921,19.234422389236247,-155.42950598634908,2024-11-27 06:59:16.153023154,3.8,False,91,3
922,19.32037437099967,-155.37858056517072,2024-11-26 08:59:42.406228112,3.0,False,91,3
923,19.806813706750855,-155.72991910729584,2021-06-04 02:07:55.561131654,2.5,False,97,3
924,19.725387932176048,-155.2036373949408,2023-07-17 08:06:03.902006914,2.6,False,105,3
925,19.710200668407015,-155.63427392959193,2021-09-17 15:12:00.039178895,2.8,False,109,3
926,19.80182439359997,-155.53923946215878,2021-10-31 03:27:41.869066008,2.6,False,119,3
927,19.79467448097852,-155.58529430342827,2021-12-06 13:47:57.702817474,2.5,False,119,3
928,19.788501928804852,-155.66742795104437,2021-10-31 05:24:00.105957494,2.7,False,119,3
929,19.814948862157554,-155.60190087896845,2021-11-01 05:35:47.704411451,2.9,False,119,3
930,19.444464069708115,-155.06645862036063,2021-11-25 05:25:38.668777569,2.5,False,124,3
931,19.12384684561276,-155.55070456315323,2022-05-23 03:28:52.507548211,2.9,False,145,3
940,19.678783803595447,-155.11235856757745,2022-06-04 01:48:06.034944432,2.5,False,156,3
941,19.536005511512247,-155.20127916296363,2022-06-03 20:06:33.351581597,2.5,False,156,3
942,19.67334461964508,-155.0996623659126,2022-06-04 07:26:04.271598303,3.2,False,156,3
943,19.68542789287181,-155.0811338314108,2022-06-02 20:07:14.644989825,2.8,False,156,3
944,19.69235564599889,-155.08318645995516,2022-06-02 12:34:04.013105713,2.5,False,156,3
945,19.657551403780907,-155.1130856831851,2022-06-03 04:12:45.540265788,3.4,False,156,3
946,19.988094356033876,-155.46465628857692,2022-10-02 02:45:19.825880405,2.5,False,173,3
947,20.068306564400547,-155.40629806367036,2022-10-02 16:38:48.169957182,2.5,False,173,3
951,19.32263288053206,-155.57543867547628,2022-11-12 13:14:32.996361927,2.6,False,180,3
952,19.594166714071296,-155.06871329038233,2023-07-20 15:35:19.217149747,3.0,False,181,3
953,19.595724576033845,-155.0706761227522,2023-07-20 15:06:18.539026550,2.7,False,181,3
954,19.745146625288466,-155.2108795586645,2023-09-20 06:01:09.657188037,2.9,False,235,3
955,19.743721032357527,-155.2298491457934,2023-08-17 07:04:45.105268746,3.0,False,235,3
956,19.550708126865555,-155.01723045659116,2023-11-23 17:49:04.134094335,3.8,False,247,3
958,19.40306210532034,-155.42495734036046,2024-02-16 17:51:13.045243894,3.2,False,265,3
959,19.080890875639284,-155.6317795488969,2024-03-11 00:20:22.781073448,3.0,False,271,3
960,19.954944323990926,-155.220875715638,2024-07-24 08:49:46.928702308,2.5,False,286,3
961,19.94670179083051,-155.5855067905058,2024-07-29 10:35:33.648776554,3.2,False,287,3
962,19.30841990009293,-155.50921255751035,2024-10-31 23:51:02.837955308,2.5,False,295,3
963,19.249207957375276,-155.4432101985833,2024-09-20 13:54:26.781094652,2.6,False,295,3
964,19.302358004933982,-155.395404378166,2024-11-03 08:59:46.745546385,2.6,False,295,3
965,19.27586671790306,-155.40534126854544,2024-08-24 07:32:57.312223934,3.6,False,295,3
967,19.77944659667224,-155.66432988780292,2020-02-08 08:55:47.190038825,3.4,False,3,4
968,19.69090762605976,-155.33724459066863,2020-02-12 10:37:25.613100987,2.8,False,10,4
971,19.057889228870266,-155.7703691946074,2020-03-18 04:08:07.179466443,2.8,False,18,4
972,19.074314832785035,-155.86295714507492,2020-09-24 03:47:56.380718059,2.6,False,18,4
974,19.0729435983771,-155.84790889269757,2020-09-17 10:04:18.428219254,3.6,False,18,4
975,19.059480504712035,-155.86338261895443,2020-04-10 21:52:39.202401343,2.5,False,18,4
976,19.11840037518833,-155.83064778843433,2020-03-22 23:27:12.779368065,2.6,False,18,4
977,19.10363894905935,-155.8139710403178,2020-03-23 14:13:37.224840879,2.5,False,18,4
978,19.095596036021835,-155.83587556544197,2020-03-22 12:44:42.722229253,3.4,False,18,4
980,19.802528668990114,-155.69493321014835,2020-03-18 09:59:07.525185588,3.0,False,18,4
987,19.61958216069641,-155.9306097636442,2020-04-21 19:53:03.696877810,3.9,False,24,4
989,19.399759332050753,-155.42042184856788,2020-06-06 15:13:42.358193977,2.7,False,27,4
990,20.131990910426605,-155.7657268494085,2020-05-24 11:16:30.829723226,2.8,False,28,4
993,20.14689655604403,-155.77814160713797,2020-06-12 06:57:29.110281821,2.5,False,28,4
994,20.2278479139489,-155.78000069434535,2020-05-24 11:18:14.304229725,2.8,False,28,4
995,20.157669385753316,-155.77506013780348,2020-05-24 10:01:41.285336933,3.1,False,28,4
996,19.64902014296328,-155.630681070895,2023-02-28 04:16:07.523391433,3.2,False,30,4
1000,19.597677599371,-155.453539848006,2022-12-12 23:14:37.068717362,3.5,False,56,4
1001,19.621426509413485,-155.63532112310304,2022-12-12 22:41:34.668240991,2.6,False,56,4
1002,19.529140655938967,-155.43706196615142,2023-05-07 06:57:08.645266503,2.8,False,56,4
1003,19.517337200424,-155.46208225293887,2022-12-12 22:49:41.657949751,3.9,False,56,4
1005,19.53039703264522,-155.44963319732145,2022-12-12 22:42:00.349121137,2.5,False,56,4
1008,19.132584151936335,-155.61411088058276,2023-12-10 01:20:11.613536747,3.1,False,56,4
1011,19.2030942085585,-155.42281035014975,2020-10-26 17:29:43.995292914,2.5,False,56,4
1012,19.290565090564822,-155.41933807580804,2020-10-24 15:28:49.741934516,3.4,False,56,4
1013,19.203483016075012,-155.44920422132222,2020-10-24 03:06:29.790903665,2.8,False,56,4
1014,19.187218435559675,-155.44429798116957,2021-02-14 17:45:55.991772235,3.2,False,56,4
1015,19.342699398527863,-155.41606919882497,2022-08-30 05:40:02.991488052,3.2,False,56,4
1018,19.056107956501293,-155.69906152470472,2020-10-24 05:23:09.140312547,3.3,False,56,4
1019,19.067982115534942,-155.64524135377945,2020-12-03 10:35:39.800932097,3.8,False,56,4
1020,19.064014675009478,-155.63170541655933,2021-01-24 13:21:46.450552916,2.5,False,56,4
1021,19.057559893984344,-155.6547030350922,2024-03-18 04:46:27.477466904,2.8,False,56,4
1022,19.348919243317056,-155.63537770474412,2020-11-07 08:21:26.822928657,2.5,False,56,4
1024,19.083213734790764,-155.57468685137567,2021-09-01 00:31:19.083772407,2.5,False,56,4
1027,19.611450630641947,-155.68450688973098,2021-03-11 05:34:47.123665712,3.0,False,80,4
1028,19.65736244240914,-155.87793340891608,2021-03-12 04:08:42.429262823,2.9,False,80,4
1029,19.26120541336559,-155.43681815646679,2024-11-26 08:30:30.102068237,2.6,False,91,4
1030,19.254814059430775,-155.49165605750898,2024-12-14 18:59:51.796766805,3.6,False,91,4
1031,19.26647511680289,-155.50139033940704,2024-11-26 10:45:32.672061889,2.7,False,91,4
1032,19.265790629464703,-155.50353514706006,2024-11-26 10:29:38.798443158,2.9,False,91,4
1034,19.343481659762052,-155.53783331397207,2024-11-26 10:44:47.527956853,2.5,False,91,4
1035,19.25815161828649,-155.53870562783334,2024-11-26 10:39:09.568840213,2.6,False,91,4
1036,19.26948536195695,-155.5053594622706,2024-11-26 14:34:22.260969614,2.5,False,91,4
1038,19.235817083514625,-155.42940153472424,2024-11-27 10:19:17.702231081,2.5,False,91,4
1039,19.816083868157683,-155.6496725494739,2021-09-17 15:12:18.954839499,3.1,False,109,4
1040,19.703526334591277,-155.6372444482463,2021-09-17 20:58:44.479991112,2.7,False,109,4
1041,19.722392411674893,-155.46759665333568,2021-10-31 03:33:56.998227270,2.6,False,119,4
1042,19.78807758609942,-155.58513313009396,2021-12-06 13:49:21.461078350,3.3,False,119,4
1045,19.67838715318238,-155.10163117872182,2022-06-04 07:27:15.339206963,2.5,False,156,4
1046,19.646628813958504,-155.04597739415263,2022-06-03 16:40:14.017891704,2.5,False,156,4
1047,19.650517241558735,-155.07721541478003,2022-06-05 13:51:28.363250697,2.5,False,156,4
1050,19.726569014645083,-155.21483543644342,2023-09-20 06:12:01.063544186,2.6,False,235,4
1051,19.74779683055089,-155.21876883351942,2023-08-17 07:06:26.748525353,2.5,False,235,4
1052,19.530691816471904,-155.02804821224896,2023-11-26 17:16:45.464533660,2.5,False,247,4
1053,19.515131161253954,-155.00489044946343,2023-11-23 17:49:19.866754773,3.9,False,247,4
1055,19.405294042982383,-155.42306963858786,2024-02-18 23:34:11.464367693,3.2,False,265,4
1056,19.95740125666278,-155.57352408242593,2024-07-29 12:03:42.655796409,3.1,False,287,4
1057,19.252855862079205,-155.44786349697983,2024-09-20 15:43:28.496596162,2.6,False,295,4
1058,19.306687452383645,-155.40045670953276,2024-08-24 07:34:00.615562716,2.6,False,295,4
1059,19.780904771481723,-155.67171568329348,2020-02-09 02:03:34.702707452,2.7,False,3,5
1061,19.064759498093732,-155.82804651205305,2020-09-18 01:08:15.194366754,4.8,False,18,5
1062,19.110907405069238,-155.8267246282911,2020-03-23 16:57:20.517252336,3.3,False,18,5
1063,19.140642721092913,-155.83983179351864,2020-03-22 12:45:08.454845079,2.6,False,18,5
1070,19.62305177026828,-155.923621875016,2020-04-21 20:26:58.760093074,2.9,False,24,5
1071,19.60353448955734,-155.9132214941905,2020-04-21 21:21:52.891454053,2.9,False,24,5
1072,19.619922886213676,-155.92906709712446,2020-04-21 20:21:09.144219813,2.5,False,24,5
1080,20.157777400107605,-155.78170352221647,2020-06-12 13:04:55.962071752,3.2,False,28,5
1081,19.646666280348352,-155.6291922864263,2023-03-07 17:32:41.250571276,2.6,False,30,5
1082,19.656257561555257,-155.6367753902199,2023-02-28 04:26:00.572394193,3.7,False,30,5
1083,19.59886731720161,-155.44369395183773,2022-12-13 06:09:00.744976296,3.1,False,56,5
1084,19.669800976446762,-155.4660816259327,2022-12-13 00:50:48.187608800,2.5,False,56,5
1085,19.600583447080158,-155.4304523392159,2022-12-13 13:09:03.236340870,2.9,False,56,5
1086,19.63131390342561,-155.4571700523617,2022-12-13 00:24:42.736492068,3.0,False,56,5
1087,19.598150796983585,-155.4548982579996,2022-12-12 23:49:36.209949888,2.6,False,56,5
1088,19.61934597388035,-155.6346174468767,2022-12-12 23:16:40.576120049,2.8,False,56,5
1089,19.575531271228773,-155.5486471509337,2022-12-12 22:53:11.410176146,2.5,False,56,5
1091,19.27352367177955,-155.41723366129085,2020-10-24 15:54:02.483535791,2.5,False,56,5
1092,19.17354038678612,-155.45631284433273,2021-02-23 05:56:14.454545955,2.8,False,56,5
1093,19.203185045904547,-155.40223604593936,2021-02-14 17:55:52.892081416,2.5,False,56,5
1094,19.334381079021707,-155.4224096533965,2022-09-18 07:52:49.143494555,2.6,False,56,5
1095,19.34419130743571,-155.4042139232644,2022-08-30 08:06:51.874296230,3.4,False,56,5
1096,19.06556355254563,-155.6411741200177,2020-12-03 10:37:21.706310337,2.9,False,56,5
1102,19.62289099861445,-155.89795969036658,2021-05-19 22:56:08.632269065,3.5,False,80,5
1103,19.27072628311411,-155.41314750556919,2024-11-26 08:32:22.889985848,2.5,False,91,5
1104,19.25273437297074,-155.49258495965972,2024-12-14 19:19:03.779937265,2.5,False,91,5
1105,19.25515872624101,-155.49030065148887,2024-12-15 03:31:07.485259856,2.7,False,91,5
1107,19.78992071588447,-155.594094591229,2021-12-06 13:58:02.390894326,3.3,False,119,5
1108,19.772643368956977,-155.5975490324277,2021-12-06 14:05:30.972053092,2.5,False,119,5
1113,19.52315448051725,-155.02881432100838,2023-11-26 17:17:27.805588301,2.9,False,247,5
1114,19.572795840903485,-155.09206338823887,2023-11-23 19:25:47.103352838,2.5,False,247,5
1115,19.587830567846453,-155.05967560729414,2023-11-23 19:38:13.451687600,2.5,False,247,5
1116,19.352916019401743,-155.37616718278733,2024-03-03 18:07:21.879462780,2.6,False,265,5
1117,19.39937500626826,-155.41839892060477,2024-02-19 02:08:40.187175999,2.5,False,265,5
1118,19.305166434525823,-155.40113892377627,2024-08-24 08:53:58.317336379,2.5,False,295,5
1119,19.061011806464634,-155.8217397422378,2023-01-10 01:53:26.861558819,3.3,False,18,6
1120,19.093837722426027,-155.80008335595392,2020-09-18 01:31:34.135838864,2.9,False,18,6
1122,19.023085928149683,-155.82886083720214,2020-09-18 01:42:48.716035926,4.1,False,18,6
1123,19.063722084970973,-155.83612665409063,2024-09-18 14:46:52.065740361,3.6,False,18,6
1125,19.063067997227844,-155.7616770725695,2020-10-02 03:32:42.069086529,2.6,False,18,6
1126,19.01036890104762,-155.82907479646158,2020-09-18 09:20:19.843150733,2.5,False,18,6
1127,19.077592187689405,-155.79161820181147,2020-09-18 04:14:13.104250221,2.8,False,18,6
1128,19.117939586906473,-155.812715538921,2020-03-24 06:18:08.961921866,2.8,False,18,6
1129,19.140857869973775,-155.84307658411728,2020-03-22 15:00:24.244286457,3.8,False,18,6
1142,20.15796125325117,-155.79053091164982,2020-06-13 15:49:33.016399991,3.1,False,28,6
1143,19.579900345616455,-155.46734405366286,2023-03-07 17:43:23.584985365,2.7,False,30,6
1144,19.676040923649712,-155.63436595863143,2023-02-28 04:26:34.632470651,2.5,False,30,6
1145,19.472632485456586,-155.37916193551158,2022-12-13 15:24:54.592283919,2.7,False,56,6
1146,19.62246559449322,-155.45751174507447,2022-12-13 00:35:53.447468144,2.6,False,56,6
1147,19.63665216811828,-155.45932058712097,2022-12-13 00:27:51.551787107,2.6,False,56,6
1148,19.643194345859737,-155.62596478234244,2022-12-13 21:27:43.493447130,2.7,False,56,6
1149,19.184550529541582,-155.442435122289,2022-06-29 01:58:01.675649079,2.6,False,56,6
1150,19.176815136509862,-155.45277748991236,2021-02-23 07:59:39.311017011,4.5,False,56,6
1157,19.625143100609414,-155.91285834378047,2021-05-31 14:53:18.395481918,2.6,False,80,6
1158,19.25946902281695,-155.47841605886887,2024-12-15 22:57:21.521421922,3.3,False,91,6
1160,19.482515057115652,-155.79467826745542,2021-12-06 14:04:46.435542595,2.9,False,119,6
1163,19.521583880289437,-154.98590871221725,2023-11-26 18:36:20.963072121,2.9,False,247,6
1164,19.585527040510375,-155.0559411271394,2023-11-23 20:01:38.457522211,2.8,False,247,6
1165,19.070373559479595,-155.8139454550103,2023-01-10 02:05:41.122245549,2.7,False,18,7
1167,19.02609513504974,-155.81602747568866,2021-01-06 11:44:59.639084070,3.4,False,18,7
1168,19.019922940720214,-155.81819004596082,2020-09-25 21:43:47.723642823,2.6,False,18,7
1170,19.031339311524913,-155.8165284210881,2024-09-18 14:47:12.608458601,2.5,False,18,7
1171,19.066723012723486,-155.82609867575772,2024-09-18 14:54:05.359714108,2.6,False,18,7
1172,19.029215444723622,-155.75708765907567,2020-10-02 07:30:35.735984890,2.9,False,18,7
1173,19.113612380123904,-155.80450441758018,2020-03-24 09:05:26.429270112,3.7,False,18,7
1174,19.10986604034966,-155.82110833072534,2020-03-24 16:52:01.644044475,2.6,False,18,7
1175,19.14461950683492,-155.82676457088817,2020-03-22 15:26:12.164539000,2.9,False,18,7
1176,19.1469130194422,-155.8502966544668,2020-03-23 04:14:22.709049696,3.0,False,18,7
1177,19.135302973399998,-155.83665580327215,2020-05-15 08:59:39.764180419,2.5,False,18,7
1186,20.158289729240447,-155.78783981046553,2020-06-13 15:57:01.381160220,2.9,False,28,7
1187,19.479112626836624,-155.31908945528772,2022-12-13 15:34:31.160798410,3.7,False,56,7
1188,19.215969055266502,-155.47013049884157,2021-02-23 08:03:40.585438051,2.7,False,56,7
1190,19.175762821462467,-155.4557876394729,2021-02-28 00:45:15.631931232,2.8,False,56,7
1191,19.175150159190338,-155.4550400205863,2021-02-23 10:03:33.064354431,2.5,False,56,7
1192,19.19519492348221,-155.38999770616678,2021-02-24 19:00:37.492981663,2.7,False,56,7
1193,19.17790734485227,-155.48087860375537,2021-03-28 02:01:01.832436036,2.6,False,56,7
1194,19.17929511334199,-155.45884350919906,2021-02-23 08:50:32.995118745,2.6,False,56,7
1195,19.200781373757014,-155.45472136169826,2021-02-23 10:18:13.878835655,4.0,False,56,7
1200,19.249735826836407,-155.51022432754647,2024-12-15 22:57:32.615032484,2.6,False,91,7
1201,19.324814335442984,-155.50506437045706,2024-12-16 09:03:29.922859811,2.6,False,91,7
1203,19.47958735938888,-155.79858896080242,2021-12-06 16:35:03.527692219,2.7,False,119,7
1207,19.109389676329663,-155.81993914906244,2020-07-26 13:40:52.159600726,2.6,False,18,8
1208,19.104844186126215,-155.77599047362543,2020-03-22 16:57:49.457361362,2.6,False,18,8
1209,19.120222458967902,-155.80031454695262,2020-05-15 14:53:18.099507199,2.6,False,18,8
1218,19.480624642949874,-155.32814960370973,2022-12-18 08:33:56.436484381,3.2,False,56,8
1219,19.465660009740617,-155.33052125869875,2022-12-14 04:51:14.920753260,2.6,False,56,8
1220,19.47601977244968,-155.27616082825955,2022-12-13 21:58:08.908747834,2.9,False,56,8
1221,19.506763393995907,-155.34473592881926,2023-03-07 01:50:19.079287199,3.6,False,56,8
1222,19.15274859155415,-155.5008495274874,2021-12-01 00:07:14.315245818,3.0,False,56,8
1223,19.175040553311863,-155.45733813228478,2021-03-28 02:20:24.189438522,2.5,False,56,8
1224,19.17925440372253,-155.58989715736988,2021-02-23 13:11:11.726513202,2.5,False,56,8
1225,19.18338380508938,-155.46295386969427,2021-02-23 11:11:39.106274616,2.6,False,56,8
1226,19.21045667056403,-155.4596887886623,2021-03-04 11:25:03.975585585,2.5,False,56,8
1227,19.185972653452225,-155.4577189029574,2021-02-23 10:19:45.254865791,3.3,False,56,8
1230,19.271564929257142,-155.48452004884834,2024-12-15 22:58:43.541194952,2.5,False,91,8
1232,19.47354982983567,-155.80495106107028,2022-01-10 06:43:29.919611672,2.6,False,119,8
1233,19.48282421464449,-155.79662073921145,2021-12-06 17:39:38.533205935,2.7,False,119,8
1239,19.502084487873493,-155.34360201708245,2023-03-07 02:35:42.206862527,2.8,False,56,9
1240,19.51154649330167,-155.3446096517084,2023-04-29 01:19:25.514338175,3.1,False,56,9
1242,19.183318916033453,-155.44990441171495,2021-02-23 11:10:46.556172620,3.5,False,56,9
1246,19.26410166906806,-155.48500713186675,2024-12-16 17:43:01.225668918,2.5,False,91,9
1254,19.50702989249411,-155.32722449753808,2023-03-07 03:23:49.957931268,2.6,False,56,10
1255,19.513809160662696,-155.33770685193466,2023-04-29 01:22:37.584133112,2.8,False,56,10
1263,19.511702853058683,-155.34201499558782,2023-04-29 01:23:21.121466135,3.5,False,56,11
1268,19.473495328745496,-155.32667781591155,2023-04-29 01:46:05.296233477,2.7,False,56,12
1269,19.522986065109293,-155.34762611570392,2023-04-29 02:00:51.892910785,2.5,False,56,12
